food_name,category,serving_g,calories_kcal,protein_g,carbs_g,fat_g,fiber_g,sugar_g,sodium_mg,vitamin_c_mg,iron_mg,calcium_mg,potassium_mg,glycemic_index,water_content_pct,source
bread,Grain,50,244.86,8.68,46.83,3.32,2.78,26.28,18.3,33.8,0.22,69.5,327.9,13,56.1,NIN
avocado,Fruit,150,162.29,2.1,8.29,15.73,7.22,2.17,31.9,76.6,1.41,32.4,103.2,54,59.9,USDA
chickpeas,Legume,150,164.95,9.68,26.48,2.62,8.0,10.21,172.5,46.2,2.85,18.5,175.3,47,94.7,IFCT
mango,Fruit,150,57.87,0.82,14.68,0.39,1.53,2.77,187.4,51.8,2.48,55.5,451.0,30,47.1,WHO
bread,Grain,200,253.11,8.75,51.1,2.97,2.84,23.77,80.8,5.3,3.66,172.3,444.9,37,64.6,NIN
rice,Grain,150,194.23,4.05,46.76,0.4,0.62,11.85,117.1,29.0,3.99,45.8,321.4,16,83.4,IFCT
bread,Grain,75,277.38,8.89,45.58,3.14,2.91,15.79,194.2,68.9,0.14,217.6,424.9,78,73.3,WHO
pineapple,Fruit,100,49.48,0.5,14.05,0.11,1.35,4.18,36.6,73.0,3.5,93.0,401.4,87,23.1,WHO
walnut,Nut,75,658.12,15.67,14.07,59.81,6.51,0.65,185.9,70.3,3.34,95.7,81.9,82,91.2,USDA
chickpeas,Legume,150,172.29,9.69,27.14,2.44,7.79,15.37,33.9,42.2,2.47,289.5,560.9,35,69.9,NIN
pasta,Grain,100,217.82,8.02,40.39,1.24,2.44,15.38,46.8,17.6,0.38,191.2,175.9,14,83.2,USDA
yogurt,Dairy,75,96.46,16.96,6.04,0.73,0.0,2.29,49.4,37.8,1.69,32.8,412.4,55,43.5,NIN
chickpeas,Legume,50,168.55,9.7,25.27,2.56,7.4,14.03,50.5,15.2,1.85,129.5,203.2,41,84.6,USDA
zucchini,Vegetable,200,15.91,1.23,3.12,0.28,0.93,1.52,48.0,32.5,1.98,260.1,546.3,31,39.5,NIN
carrot,Vegetable,150,50.21,1.24,12.75,0.21,2.87,3.85,38.8,17.4,0.33,222.0,83.5,50,10.2,NIN
yogurt,Dairy,200,94.52,18.25,5.6,0.66,0.0,2.59,47.8,9.6,3.57,77.6,377.0,89,12.5,WHO
carrot,Vegetable,75,53.41,1.16,11.84,0.19,2.87,3.65,185.9,74.9,0.14,188.2,359.6,22,11.7,IFCT
yogurt,Dairy,100,94.12,16.59,5.59,0.67,0.0,1.86,109.1,24.2,3.94,243.1,340.9,80,32.2,USDA
lemon,Fruit,100,27.22,1.03,9.38,0.29,2.85,4.15,41.5,50.7,1.13,149.1,547.9,16,13.4,NIN
broccoli,Vegetable,50,50.63,3.86,11.45,0.58,5.3,3.93,86.1,0.8,0.39,265.5,547.2,79,8.3,WHO
beef,Protein,200,235.92,24.45,0.0,18.09,0.0,0.07,179.9,16.8,1.07,35.3,479.1,62,93.6,IFCT
tomato,Vegetable,75,37.67,1.68,8.17,0.37,2.49,1.87,186.2,64.2,3.47,244.2,196.7,23,39.8,USDA
milk,Dairy,75,141.84,8.54,11.71,8.41,0.0,1.99,132.3,31.9,1.19,25.5,475.3,54,63.4,NIN
oats,Grain,200,378.49,15.72,69.98,6.73,10.74,38.96,8.6,47.7,1.45,237.0,290.0,75,15.5,IFCT
carrot,Vegetable,50,53.74,1.1,13.14,0.2,2.9,5.6,134.5,29.1,0.37,201.0,231.6,50,65.4,USDA
chickpeas,Legume,100,164.19,9.24,26.25,2.68,7.67,3.51,133.3,30.3,3.02,56.3,363.0,61,54.9,USDA
lettuce,Vegetable,100,14.3,1.46,2.95,0.19,1.29,1.34,102.7,63.5,3.84,222.1,412.4,46,51.9,WHO
orange,Fruit,75,63.71,1.15,14.66,0.18,2.97,4.65,170.1,5.8,1.72,190.8,156.9,59,50.0,IFCT
blueberry,Fruit,50,60.58,0.74,15.39,0.31,2.29,7.09,139.5,37.2,2.27,275.7,116.7,27,77.9,WHO
walnut,Nut,150,665.79,15.53,14.01,68.44,6.75,7.59,149.0,38.0,1.11,77.9,400.7,76,49.1,IFCT
broccoli,Vegetable,150,51.28,3.57,10.79,0.58,5.13,1.36,47.0,55.5,2.86,23.9,274.2,79,47.4,USDA
kiwi,Fruit,150,59.92,1.15,15.75,0.46,3.18,5.29,95.9,75.4,1.26,120.0,540.4,63,54.0,IFCT
cheese,Dairy,75,387.4,24.94,1.28,33.89,0.0,0.7,168.3,73.6,3.92,162.6,548.8,85,56.4,USDA
orange,Fruit,150,58.39,1.19,14.29,0.2,2.96,3.36,152.5,30.3,3.03,250.4,188.7,20,47.8,USDA
onion,Vegetable,75,40.96,1.15,9.53,0.1,1.82,1.51,5.1,12.2,0.59,202.5,360.2,37,47.3,WHO
olive_oil,Oil,100,837.01,0.0,0.0,93.83,0.0,0.02,22.5,2.1,1.32,204.8,577.0,60,90.7,IFCT
watermelon,Fruit,200,30.91,0.61,7.12,0.21,0.42,2.94,25.1,78.7,3.15,107.4,285.6,57,11.3,WHO
apple,Fruit,150,99.9,0.47,26.95,0.31,4.63,10.8,87.7,58.7,3.87,84.7,494.5,78,75.5,NIN
mushroom,Vegetable,200,21.18,3.27,3.47,0.28,1.06,0.86,93.5,48.8,1.58,13.5,518.0,33,49.4,WHO
carrot,Vegetable,100,50.17,1.22,13.05,0.2,2.81,1.81,49.0,32.5,2.27,75.9,311.9,72,45.8,USDA
orange,Fruit,100,59.24,1.24,14.92,0.2,3.09,5.14,85.7,59.7,1.39,212.3,199.0,42,26.0,IFCT
cucumber,Vegetable,50,16.62,0.75,3.71,0.1,0.52,0.96,118.3,60.8,2.43,294.3,507.9,47,25.7,IFCT
lettuce,Vegetable,50,15.5,1.32,2.69,0.19,1.26,1.67,127.9,60.2,0.5,8.6,206.4,71,45.1,IFCT
grape,Fruit,100,73.87,0.7,19.03,0.2,0.84,7.02,11.7,11.9,2.3,94.6,596.7,25,55.8,NIN
salmon,Protein,200,217.68,19.12,0.0,12.9,0.0,0.07,198.0,24.4,2.52,184.8,457.0,36,61.9,WHO
pasta,Grain,50,207.93,7.58,40.08,1.2,2.48,15.52,59.0,18.5,2.86,212.4,299.7,39,89.1,IFCT
mushroom,Vegetable,50,22.16,3.17,3.52,0.32,0.93,0.75,62.2,59.9,2.32,90.1,118.4,48,68.7,WHO
yogurt,Dairy,200,99.9,15.86,5.56,0.69,0.0,1.28,19.2,77.0,3.36,174.7,572.9,44,57.4,IFCT
milk,Dairy,200,152.61,8.53,11.39,8.11,0.0,3.79,19.2,27.8,1.4,202.7,521.8,52,42.5,NIN
spinach,Vegetable,150,24.15,2.92,3.57,0.39,2.14,2.11,81.4,41.2,3.95,199.0,348.4,62,9.9,WHO
tuna,Protein,150,134.65,29.16,0.0,1.01,0.0,0.28,140.0,9.7,3.9,184.6,181.6,30,33.3,USDA
egg,Protein,150,72.92,6.47,0.64,4.97,0.0,0.38,100.2,57.3,2.08,85.7,509.1,70,27.2,IFCT
potato,Vegetable,75,82.2,2.0,18.56,0.11,2.12,8.4,83.6,74.7,2.08,247.1,205.6,48,81.2,NIN
blueberry,Fruit,150,57.35,0.68,14.62,0.3,2.38,3.14,38.5,55.8,2.33,73.9,476.5,15,34.0,NIN
lentils,Legume,150,113.89,9.24,21.03,0.43,7.99,0.93,101.0,47.2,3.49,262.9,292.2,77,87.9,USDA
chickpeas,Legume,75,161.64,9.22,25.51,2.59,8.17,5.82,138.8,52.0,3.42,256.4,522.6,58,91.8,NIN
cream,Dairy,50,346.39,2.01,2.88,34.78,0.0,0.61,195.7,60.8,2.85,34.6,141.5,48,87.2,USDA
cucumber,Vegetable,50,15.47,0.69,3.4,0.1,0.51,1.82,34.8,6.3,3.5,187.8,182.5,84,18.0,NIN
bread,Grain,100,263.29,9.24,52.13,3.18,2.61,16.3,15.7,75.6,3.95,93.3,579.1,42,46.6,WHO
cherry,Fruit,150,52.83,0.94,11.97,0.29,1.55,5.27,5.4,66.4,1.64,7.4,525.8,16,87.9,NIN
spinach,Vegetable,75,23.39,2.83,3.68,0.41,2.26,1.7,132.2,67.1,2.55,271.5,405.5,49,76.8,USDA
beef,Protein,100,259.29,24.29,0.0,17.67,0.0,0.43,108.3,77.7,2.17,274.5,506.8,42,88.2,NIN
spinach,Vegetable,100,24.12,2.89,3.36,0.42,2.1,1.62,135.2,31.8,3.4,169.4,99.7,60,6.3,USDA
cauliflower,Vegetable,100,25.69,1.95,5.37,0.32,2.14,0.79,47.5,2.0,3.55,170.6,553.4,38,63.9,NIN
tofu,Protein,100,77.81,7.51,1.76,4.44,0.32,0.57,47.7,43.0,1.62,114.4,572.2,79,43.1,IFCT
peas,Vegetable,50,85.32,5.5,15.52,0.39,5.26,2.28,89.5,18.9,1.51,294.4,252.0,55,10.5,WHO
cherry,Fruit,50,53.59,1.05,11.4,0.29,1.64,7.12,11.1,26.7,3.96,237.2,162.9,80,23.9,IFCT
avocado,Fruit,100,167.02,2.09,9.14,14.47,7.54,5.34,108.5,63.9,0.53,260.6,122.5,55,76.9,IFCT
beef,Protein,100,230.63,25.02,0.0,16.79,0.0,0.47,90.2,29.0,2.42,138.3,171.9,88,8.9,WHO
cauliflower,Vegetable,50,23.24,1.89,5.22,0.31,2.0,2.94,15.6,6.5,2.47,24.4,201.3,84,54.9,WHO
potato,Vegetable,200,77.38,1.99,17.8,0.09,2.27,9.03,130.5,61.5,2.91,68.4,298.4,39,42.7,NIN
corn,Vegetable,150,89.16,3.2,18.43,1.15,2.15,7.99,95.4,7.3,0.43,132.4,459.5,57,78.9,USDA
beef,Protein,200,252.47,26.71,0.0,18.02,0.0,0.29,183.3,4.1,1.22,97.2,107.0,74,24.4,NIN
avocado,Fruit,50,156.16,2.02,8.45,14.47,6.69,2.6,112.6,61.4,2.52,204.1,356.2,87,89.5,WHO
banana,Fruit,75,101.19,1.35,28.82,0.39,2.94,2.75,131.8,5.6,2.99,291.7,100.5,77,24.6,NIN
cauliflower,Vegetable,100,23.63,1.84,5.15,0.32,2.03,2.87,32.0,60.4,0.29,29.1,293.7,64,49.2,NIN
peas,Vegetable,100,77.31,5.41,14.14,0.38,5.25,5.36,105.9,24.7,0.96,295.4,80.1,36,32.4,IFCT
olive_oil,Oil,75,921.36,0.0,0.0,99.96,0.0,0.44,107.0,18.4,2.28,202.1,244.8,60,83.4,USDA
mushroom,Vegetable,50,21.86,2.89,3.2,0.3,0.98,1.45,58.6,32.4,3.87,55.7,571.2,68,80.7,WHO
orange,Fruit,150,65.42,1.15,15.62,0.2,3.05,3.21,68.6,26.6,0.76,155.6,112.7,75,22.6,WHO
onion,Vegetable,75,38.31,1.04,8.85,0.1,1.77,3.83,36.3,61.8,2.03,227.6,467.9,67,67.0,WHO
bread,Grain,100,250.2,8.38,48.55,3.1,2.6,2.12,102.0,24.8,1.86,21.8,507.4,19,63.7,USDA
tuna,Protein,200,132.15,27.83,0.0,1.05,0.0,0.28,162.2,52.1,1.35,145.3,133.0,17,46.0,WHO
lentils,Legume,50,116.08,8.53,19.19,0.4,7.92,6.51,32.6,29.8,1.2,125.6,236.1,86,9.8,WHO
watermelon,Fruit,100,28.05,0.62,7.34,0.21,0.41,4.18,174.8,26.7,2.37,46.7,242.4,60,16.7,USDA
lettuce,Vegetable,200,14.7,1.47,3.05,0.21,1.37,1.42,137.4,42.1,2.62,129.9,249.0,56,33.1,IFCT
bell_pepper,Vegetable,150,29.47,1.08,5.67,0.29,2.2,2.07,108.4,59.1,2.15,200.3,532.0,89,16.9,NIN
blueberry,Fruit,75,54.09,0.72,14.79,0.32,2.48,0.86,73.5,57.6,3.88,185.1,463.8,67,26.3,IFCT
lettuce,Vegetable,150,15.97,1.33,2.98,0.2,1.29,1.45,155.8,40.2,1.73,52.8,159.8,87,17.6,WHO
grape,Fruit,150,73.13,0.71,16.95,0.21,0.95,3.45,152.9,21.8,3.63,48.5,290.6,38,79.3,WHO
banana,Fruit,150,97.49,1.3,25.86,0.43,3.04,0.94,186.2,67.1,2.63,238.5,125.7,46,88.5,NIN
tofu,Protein,75,79.15,7.96,1.94,5.11,0.28,0.64,30.8,75.2,2.47,129.9,476.9,40,32.4,USDA
tomato,Vegetable,150,35.78,1.63,7.16,0.42,2.4,2.71,126.8,46.0,2.9,90.9,50.9,55,26.9,NIN
pear,Fruit,50,57.21,0.39,16.3,0.1,3.24,4.88,5.0,69.9,0.27,119.1,255.3,12,37.5,USDA
onion,Vegetable,75,41.49,1.12,9.7,0.1,1.65,0.73,109.7,65.1,0.78,234.8,305.5,71,62.5,IFCT
watermelon,Fruit,150,27.78,0.57,7.95,0.21,0.39,1.76,80.2,65.2,1.95,15.8,405.8,46,37.5,USDA
rice,Grain,100,198.53,4.51,44.55,0.39,0.59,25.85,68.5,14.9,2.8,113.4,488.5,44,77.9,NIN
orange,Fruit,150,63.02,1.26,15.51,0.19,2.89,6.28,62.0,48.2,1.76,208.5,243.4,15,71.1,WHO
tuna,Protein,150,127.24,30.15,0.0,0.93,0.0,0.32,160.4,54.4,3.82,47.1,384.2,66,8.2,USDA
tomato,Vegetable,100,34.23,1.72,7.12,0.38,2.38,2.03,89.3,6.2,0.64,113.3,222.9,45,27.7,USDA
banana,Fruit,75,104.98,1.28,27.27,0.38,2.98,7.51,199.3,22.8,3.67,149.9,117.5,19,46.1,NIN
orange,Fruit,100,63.66,1.24,15.52,0.19,3.0,1.88,142.2,56.0,0.78,111.6,173.3,35,77.1,IFCT
cheese,Dairy,50,393.05,25.29,1.29,35.55,0.0,0.75,14.1,31.9,2.9,146.2,275.9,62,79.9,USDA
lemon,Fruit,100,29.66,1.09,9.57,0.29,2.97,4.46,128.3,14.6,3.87,132.6,550.9,17,80.7,IFCT
lettuce,Vegetable,75,14.19,1.5,2.77,0.21,1.3,0.85,16.7,15.7,3.83,86.0,393.8,88,53.5,IFCT
beef,Protein,200,236.17,26.66,0.0,17.29,0.0,0.22,165.2,2.3,0.28,194.2,367.2,36,74.8,NIN
tuna,Protein,50,131.96,28.57,0.0,1.07,0.0,0.1,137.3,23.8,0.38,22.7,291.8,71,47.3,WHO
salmon,Protein,75,201.76,20.7,0.0,13.75,0.0,0.43,74.7,44.9,1.34,142.6,197.1,41,17.8,USDA
spinach,Vegetable,150,24.34,2.86,3.87,0.43,2.31,2.05,144.5,15.2,0.72,298.8,306.7,49,50.3,USDA
corn,Vegetable,200,85.41,3.16,19.25,1.11,1.93,7.01,168.7,53.8,1.21,7.4,109.1,27,85.3,WHO
walnut,Nut,150,639.97,14.76,14.16,61.82,6.76,1.08,101.3,61.2,1.19,296.8,424.2,25,16.7,USDA
corn,Vegetable,100,90.06,3.22,20.33,1.25,1.9,6.05,100.5,3.6,0.63,103.2,310.6,68,18.6,IFCT
cucumber,Vegetable,200,15.54,0.69,3.67,0.11,0.51,1.34,102.4,39.2,2.3,145.1,59.2,52,66.3,NIN
beef,Protein,100,261.87,26.94,0.0,15.71,0.0,0.02,156.8,62.1,2.35,217.8,370.9,31,52.7,NIN
blueberry,Fruit,75,52.73,0.75,13.59,0.28,2.33,1.74,138.4,32.8,3.12,276.6,530.0,17,69.2,IFCT
egg,Protein,100,84.22,5.98,0.59,5.37,0.0,0.43,109.7,54.1,3.48,205.8,492.0,43,60.5,IFCT
tomato,Vegetable,100,35.33,1.53,8.28,0.39,2.32,1.35,141.3,25.4,1.46,280.4,487.5,45,31.2,NIN
corn,Vegetable,100,92.26,3.46,18.36,1.16,2.07,4.28,89.0,20.5,1.97,64.6,346.2,81,68.4,IFCT
mango,Fruit,200,62.31,0.77,13.92,0.43,1.53,2.48,20.9,26.4,1.94,206.0,125.6,80,94.0,IFCT
peas,Vegetable,150,80.71,5.14,15.58,0.39,5.22,7.95,18.8,45.9,2.19,218.3,565.2,32,43.0,IFCT
strawberry,Fruit,150,51.26,0.95,12.17,0.53,1.93,0.74,60.4,48.2,3.72,103.8,299.9,79,52.7,IFCT
yogurt,Dairy,150,96.37,17.84,5.84,0.73,0.0,2.73,3.8,27.0,1.25,203.9,156.2,88,82.9,NIN
mushroom,Vegetable,200,21.39,3.05,3.09,0.32,1.0,1.89,2.4,30.7,1.84,83.8,231.3,84,70.8,USDA
carrot,Vegetable,100,53.6,1.12,11.55,0.19,2.76,3.96,179.1,56.3,1.31,39.6,553.9,47,38.4,IFCT
avocado,Fruit,75,159.44,1.99,9.7,14.7,7.23,4.97,151.7,64.2,3.32,229.7,424.2,86,84.5,USDA
butter,Dairy,150,720.23,0.88,0.11,75.97,0.0,0.1,41.2,42.9,0.74,257.1,293.0,36,70.2,NIN
orange,Fruit,200,61.46,1.11,14.49,0.2,3.13,5.38,134.9,24.7,0.18,80.1,51.7,37,57.6,USDA
mushroom,Vegetable,100,22.71,3.12,3.07,0.32,1.08,1.2,58.1,14.4,0.63,194.2,451.1,63,39.1,NIN
zucchini,Vegetable,150,16.66,1.24,3.18,0.3,1.02,0.97,36.5,43.0,2.16,219.7,172.5,10,73.8,WHO
cauliflower,Vegetable,200,24.7,1.86,5.07,0.3,1.89,1.01,175.2,61.2,0.23,199.8,388.2,12,26.9,USDA
mango,Fruit,200,55.52,0.81,15.49,0.37,1.66,3.92,47.6,17.4,3.47,21.7,327.1,47,26.3,WHO
chicken,Protein,200,249.42,28.38,0.0,14.84,0.0,0.24,83.3,22.0,2.27,179.5,454.4,32,62.0,NIN
egg,Protein,150,72.35,5.85,0.61,4.9,0.0,0.4,82.2,24.0,0.82,163.7,182.5,38,32.4,IFCT
cauliflower,Vegetable,50,25.25,2.04,5.35,0.28,1.92,1.04,129.7,73.8,3.4,32.3,448.5,34,9.7,NIN
oats,Grain,200,395.41,18.02,62.71,7.29,10.98,22.35,96.4,69.6,1.4,287.3,58.4,34,92.5,USDA
almond,Nut,150,617.39,21.66,22.72,49.17,11.98,4.58,57.3,37.3,2.63,96.0,247.8,73,47.4,NIN
walnut,Nut,100,697.36,14.69,13.81,65.65,6.4,1.65,52.9,74.8,2.36,128.2,133.8,52,25.9,IFCT
cheese,Dairy,200,411.94,25.74,1.25,34.7,0.0,0.68,98.6,13.5,3.2,54.9,446.2,72,21.7,USDA
butter,Dairy,50,755.9,0.84,0.11,75.15,0.0,0.44,126.5,5.4,0.69,69.5,300.8,17,61.2,NIN
pasta,Grain,150,202.95,8.04,42.39,1.2,2.59,14.05,58.1,40.2,2.82,132.0,566.8,32,14.7,USDA
butter,Dairy,75,687.28,0.92,0.1,79.11,0.0,0.47,191.9,36.7,1.05,210.7,215.0,20,64.5,USDA
orange,Fruit,150,60.8,1.21,14.31,0.18,2.94,4.87,87.3,62.8,2.31,258.1,102.4,77,88.6,IFCT
kiwi,Fruit,200,60.76,1.02,13.7,0.53,3.19,5.19,7.5,74.3,1.33,288.6,372.9,60,89.5,WHO
peach,Fruit,200,37.38,0.95,9.33,0.32,1.46,4.43,28.9,79.1,2.92,152.7,585.9,16,13.9,IFCT
watermelon,Fruit,100,30.5,0.61,7.72,0.22,0.39,3.07,156.9,36.0,0.99,168.1,256.5,33,66.9,NIN
orange,Fruit,200,59.97,1.15,14.35,0.19,3.04,7.35,31.7,31.2,1.51,32.0,568.6,66,37.8,WHO
mango,Fruit,75,56.04,0.79,15.14,0.4,1.5,1.26,111.3,47.8,3.16,259.8,56.8,62,40.3,USDA
chickpeas,Legume,200,174.63,9.69,27.31,2.46,7.45,2.68,60.9,39.4,0.35,133.2,281.6,71,76.2,WHO
carrot,Vegetable,75,53.84,1.2,12.53,0.2,2.64,0.55,79.7,67.3,1.58,259.3,292.1,65,79.2,IFCT
lettuce,Vegetable,100,15.25,1.44,2.89,0.19,1.28,0.9,147.2,50.6,3.87,235.7,229.2,45,79.3,NIN
garlic,Vegetable,50,159.3,6.09,35.73,0.47,2.19,1.02,145.7,75.4,0.92,240.3,507.2,18,79.5,NIN
oats,Grain,150,366.54,16.46,63.39,6.61,10.47,15.24,90.4,47.8,2.37,162.6,557.9,63,54.5,WHO
tofu,Protein,200,77.14,8.53,1.78,4.61,0.31,0.61,122.9,45.1,2.62,195.8,581.7,52,92.9,NIN
mango,Fruit,50,56.15,0.76,15.59,0.4,1.65,2.38,75.4,37.0,2.75,208.7,132.9,13,48.9,WHO
peas,Vegetable,50,76.02,5.78,13.67,0.39,5.06,2.2,97.1,38.1,1.81,210.5,225.4,48,9.1,USDA
banana,Fruit,100,107.49,1.34,25.55,0.43,2.97,3.24,32.9,44.8,3.84,73.4,272.8,33,22.0,NIN
corn,Vegetable,50,89.27,3.5,18.85,1.19,1.84,2.84,56.4,56.3,3.2,175.3,489.7,78,22.0,WHO
cherry,Fruit,150,46.91,1.03,12.18,0.32,1.55,3.15,79.1,9.1,1.47,140.1,144.9,48,88.6,USDA
oats,Grain,75,377.37,16.29,61.95,6.86,9.99,15.69,119.7,46.0,1.75,148.6,345.6,32,55.5,NIN
spinach,Vegetable,75,21.85,3.06,3.67,0.42,2.36,1.3,39.8,30.7,2.29,197.7,275.0,72,42.8,NIN
cheese,Dairy,75,375.16,23.12,1.35,31.9,0.0,0.65,34.5,36.6,3.0,230.9,352.3,24,57.1,WHO
olive_oil,Oil,200,929.73,0.0,0.0,92.67,0.0,0.23,198.0,8.2,3.34,226.6,213.7,14,45.9,WHO
orange,Fruit,150,65.62,1.13,16.17,0.19,3.22,6.52,172.3,48.8,1.77,186.8,481.7,36,78.3,WHO
cream,Dairy,100,345.27,1.99,3.01,34.81,0.0,1.62,103.4,72.0,3.28,45.0,462.6,62,88.6,WHO
rice,Grain,75,212.64,4.05,42.45,0.39,0.58,22.85,79.1,11.4,2.57,190.2,256.3,19,62.7,USDA
corn,Vegetable,200,89.44,3.4,20.15,1.19,2.0,6.84,173.9,67.8,0.46,291.8,399.2,55,82.4,NIN
kiwi,Fruit,150,64.17,1.1,14.28,0.48,3.02,1.59,170.6,63.1,3.59,229.9,75.3,90,76.3,NIN
banana,Fruit,50,112.21,1.23,26.81,0.43,3.06,16.13,182.0,70.6,1.28,263.0,532.1,21,64.6,WHO
orange,Fruit,100,63.63,1.23,14.3,0.2,3.21,7.1,86.4,7.3,0.47,68.0,92.9,85,25.6,NIN
apple,Fruit,50,97.97,0.53,27.06,0.3,4.14,1.53,77.2,58.5,0.5,97.4,534.5,27,39.8,IFCT
rice,Grain,75,191.77,4.34,45.79,0.38,0.59,6.15,149.9,73.6,2.5,135.5,169.5,22,17.7,USDA
beef,Protein,150,244.06,25.71,0.0,16.31,0.0,0.38,120.6,57.7,1.21,282.7,64.8,48,23.7,IFCT
almond,Nut,150,560.06,19.5,23.4,53.64,12.49,1.93,100.4,47.5,2.16,293.4,592.8,50,17.0,NIN
garlic,Vegetable,200,153.36,6.67,35.51,0.52,1.94,1.81,53.2,3.2,0.34,237.8,328.6,90,69.8,NIN
mushroom,Vegetable,150,20.53,3.12,3.36,0.29,0.97,1.26,41.4,64.6,2.19,120.3,398.9,18,33.2,NIN
chickpeas,Legume,75,152.4,8.4,26.72,2.58,7.73,5.36,148.6,59.3,0.57,213.8,435.8,30,50.2,WHO
butter,Dairy,200,749.46,0.93,0.09,76.17,0.0,0.38,177.4,61.7,0.21,243.1,199.6,18,28.9,USDA
cheese,Dairy,150,402.69,23.22,1.37,31.24,0.0,0.72,179.0,53.9,0.55,223.5,51.4,11,27.3,NIN
garlic,Vegetable,150,159.02,6.07,35.54,0.46,2.2,14.32,131.5,18.0,1.07,275.2,226.0,19,57.0,USDA
yogurt,Dairy,50,94.87,17.83,6.46,0.75,0.0,1.94,57.2,67.6,1.38,168.2,54.4,35,31.5,WHO
almond,Nut,200,555.15,20.56,23.66,53.98,13.05,9.8,109.8,63.7,0.69,280.1,63.2,79,36.5,USDA
bell_pepper,Vegetable,50,32.28,0.98,6.23,0.29,2.0,3.55,84.5,76.9,3.89,47.0,203.9,15,88.8,NIN
tofu,Protein,100,75.49,8.32,1.92,4.8,0.31,0.75,118.8,5.0,2.68,43.6,210.4,50,89.3,NIN
tofu,Protein,100,73.79,7.71,1.77,4.57,0.31,0.87,31.9,13.1,1.92,124.9,344.8,36,46.1,NIN
carrot,Vegetable,50,48.59,1.26,11.91,0.21,2.85,1.98,171.5,11.9,2.87,290.7,267.9,16,66.6,WHO
pear,Fruit,50,61.12,0.42,15.34,0.1,2.9,1.38,159.0,9.7,0.34,235.4,172.3,35,80.0,WHO
oats,Grain,50,394.12,16.34,69.3,6.46,9.86,35.79,89.2,10.3,3.63,249.7,232.4,15,90.7,USDA
peach,Fruit,200,38.58,0.93,9.49,0.29,1.48,2.34,181.8,22.0,1.84,48.8,387.8,88,27.4,WHO
cheese,Dairy,150,426.62,24.92,1.21,32.38,0.0,0.68,159.6,19.9,3.98,165.4,60.7,58,76.2,WHO
milk,Dairy,200,155.71,7.8,12.13,7.77,0.0,0.67,119.8,2.3,3.26,87.9,494.8,70,53.2,IFCT
peach,Fruit,50,37.43,0.86,9.55,0.31,1.56,4.47,189.6,46.1,3.93,119.6,564.4,32,21.0,WHO
almond,Nut,100,617.35,19.41,22.71,53.58,12.63,7.65,38.5,79.0,3.54,150.2,220.0,72,8.5,USDA
avocado,Fruit,200,152.8,2.01,8.28,16.0,6.67,1.14,143.7,73.5,3.39,100.5,62.1,85,69.1,IFCT
olive_oil,Oil,50,933.01,0.0,0.0,97.98,0.0,0.3,21.1,24.1,0.63,51.5,571.8,72,64.1,IFCT
lentils,Legume,200,119.59,9.62,20.92,0.38,8.11,2.52,62.1,55.1,0.6,220.0,571.8,83,40.6,USDA
pear,Fruit,200,55.34,0.42,15.47,0.1,2.9,4.78,66.9,6.2,1.45,99.3,399.9,21,79.8,WHO
zucchini,Vegetable,50,16.36,1.15,2.89,0.29,0.94,0.5,77.8,58.6,3.88,265.9,321.2,58,37.0,NIN
mango,Fruit,150,62.77,0.81,15.62,0.38,1.59,7.29,7.6,1.6,1.12,35.9,238.0,58,19.6,USDA
egg,Protein,50,75.98,6.47,0.64,5.16,0.0,0.41,121.9,34.7,0.31,102.7,585.9,62,68.4,WHO
pasta,Grain,100,212.87,7.48,42.26,1.31,2.5,1.88,1.8,7.0,3.31,189.4,314.2,22,7.3,IFCT
bread,Grain,100,285.23,8.96,45.99,3.35,2.69,26.36,53.7,51.3,1.61,114.5,259.8,33,45.6,WHO
zucchini,Vegetable,150,16.36,1.26,3.13,0.28,1.03,0.63,134.0,64.7,1.71,228.2,175.1,17,81.5,NIN
cream,Dairy,150,343.96,2.01,2.71,35.39,0.0,0.54,114.7,41.3,2.33,294.9,131.1,67,20.7,IFCT
kiwi,Fruit,75,57.35,1.09,15.85,0.49,3.24,5.72,167.0,20.6,3.65,274.7,86.9,59,55.6,WHO
broccoli,Vegetable,200,54.63,3.92,11.71,0.61,5.12,3.11,83.5,11.9,2.39,228.7,566.8,23,56.2,USDA
spinach,Vegetable,200,24.4,3.08,3.46,0.41,2.23,1.29,35.3,32.2,2.51,205.8,270.9,60,86.0,WHO
tofu,Protein,75,70.52,7.97,1.83,4.7,0.29,1.01,62.9,67.4,3.45,207.0,584.9,39,17.2,NIN
olive_oil,Oil,100,851.39,0.0,0.0,95.01,0.0,0.09,148.4,60.8,3.48,247.2,333.4,30,11.0,NIN
lemon,Fruit,200,30.76,1.02,8.84,0.32,2.95,1.77,91.8,73.4,2.85,85.8,502.9,74,41.1,USDA
oats,Grain,50,372.94,16.97,65.43,7.52,10.56,22.06,69.5,67.0,1.11,250.1,99.7,13,40.2,IFCT
chicken,Protein,75,252.66,27.64,0.0,13.48,0.0,0.49,156.3,61.4,0.13,273.9,406.1,86,77.9,IFCT
carrot,Vegetable,200,54.54,1.16,13.22,0.2,2.77,3.09,70.4,20.2,1.92,204.8,503.4,60,58.2,USDA
yogurt,Dairy,100,100.98,17.26,5.79,0.72,0.0,1.54,56.0,26.0,1.18,198.6,573.7,48,22.1,IFCT
grape,Fruit,200,67.94,0.68,17.06,0.18,0.9,3.56,181.5,32.4,2.97,177.0,597.1,34,36.2,IFCT
oats,Grain,200,397.61,16.93,70.65,6.84,10.26,7.15,131.9,44.7,1.25,143.9,457.5,81,74.4,IFCT
oats,Grain,100,398.61,16.24,63.08,7.42,10.47,35.18,75.0,46.8,1.91,39.7,79.5,84,57.8,USDA
milk,Dairy,75,149.01,8.47,11.77,7.74,0.0,6.22,28.3,16.0,1.7,173.0,548.6,68,18.0,IFCT
olive_oil,Oil,50,882.24,0.0,0.0,102.15,0.0,0.36,152.5,13.5,3.08,149.4,470.0,21,16.8,NIN
bread,Grain,150,260.9,9.67,48.09,2.96,2.57,11.28,3.8,25.8,3.35,61.2,422.2,90,71.8,IFCT
tofu,Protein,100,73.72,7.49,1.9,4.65,0.28,0.53,189.7,36.5,2.13,159.6,288.5,27,36.2,NIN
onion,Vegetable,75,37.86,1.17,9.76,0.09,1.63,5.5,43.0,1.8,2.07,41.3,441.1,14,39.1,WHO
olive_oil,Oil,200,901.42,0.0,0.0,93.73,0.0,0.48,24.0,35.5,0.58,79.6,436.0,36,68.3,USDA
lettuce,Vegetable,150,15.39,1.44,2.79,0.2,1.22,1.53,21.9,57.5,0.56,38.6,108.4,35,60.4,WHO
butter,Dairy,75,700.7,0.89,0.09,81.62,0.0,0.2,96.7,18.8,0.15,31.3,110.7,83,65.9,IFCT
orange,Fruit,200,57.78,1.24,16.4,0.2,3.08,9.04,53.6,4.0,3.27,262.9,518.7,56,77.9,WHO
mushroom,Vegetable,50,20.57,3.23,3.06,0.32,1.03,0.75,72.1,35.0,2.53,264.2,101.1,53,21.6,NIN
corn,Vegetable,150,82.86,3.24,20.07,1.26,2.05,9.19,23.5,55.7,0.33,283.0,137.7,63,87.9,NIN
chicken,Protein,150,226.81,26.48,0.0,12.94,0.0,0.08,194.7,10.5,3.69,38.3,276.2,15,10.8,WHO
apple,Fruit,200,99.07,0.51,25.36,0.32,4.52,5.43,105.1,56.0,0.47,200.2,186.7,54,65.4,NIN
blueberry,Fruit,200,60.58,0.71,13.37,0.32,2.4,4.35,99.7,13.2,3.03,99.6,232.0,45,9.6,IFCT
egg,Protein,150,76.79,5.75,0.6,5.24,0.0,0.38,90.0,9.5,2.04,197.7,106.5,62,8.3,USDA
orange,Fruit,200,66.59,1.23,16.36,0.2,3.18,4.49,68.8,66.0,3.28,254.1,232.6,89,59.6,WHO
lentils,Legume,150,108.84,9.37,19.11,0.39,8.42,11.59,59.1,41.8,2.84,18.5,140.3,27,79.8,NIN
mango,Fruit,100,61.06,0.76,16.03,0.39,1.59,7.14,143.6,8.6,1.72,278.4,510.6,85,16.2,NIN
cauliflower,Vegetable,200,26.82,1.79,5.3,0.3,1.86,3.01,167.9,38.6,2.08,276.7,147.5,84,20.8,IFCT
mango,Fruit,150,61.51,0.81,14.57,0.42,1.58,5.68,138.8,19.9,1.65,106.1,211.8,27,17.6,WHO
tofu,Protein,200,80.39,8.27,2.03,4.9,0.29,0.9,58.8,27.6,2.72,294.5,407.5,32,50.9,WHO
lentils,Legume,50,120.84,9.09,20.26,0.43,8.27,8.25,178.9,42.7,3.52,129.6,57.0,23,7.3,IFCT
grape,Fruit,50,65.69,0.73,17.12,0.19,0.86,9.2,138.4,23.6,3.04,14.5,497.7,23,61.1,IFCT
almond,Nut,200,568.71,21.04,23.04,51.57,12.89,1.1,76.9,33.3,3.17,207.1,581.2,16,6.2,WHO
cherry,Fruit,200,52.95,1.06,12.09,0.29,1.63,5.34,74.2,47.1,2.98,63.0,448.7,34,31.8,IFCT
oats,Grain,50,369.52,16.11,66.15,6.86,10.48,22.26,26.9,46.7,1.09,102.5,440.3,29,8.6,WHO
salmon,Protein,50,217.11,20.4,0.0,12.59,0.0,0.22,15.5,56.6,2.15,287.3,336.3,74,19.5,NIN
orange,Fruit,100,59.23,1.14,14.99,0.2,2.96,7.08,106.6,79.7,3.31,294.4,54.8,54,45.6,IFCT
strawberry,Fruit,100,48.07,1.05,10.98,0.48,2.07,0.66,103.9,61.6,2.11,155.1,317.7,47,86.7,IFCT
cucumber,Vegetable,200,14.93,0.65,3.87,0.1,0.5,1.54,42.9,50.4,0.93,207.2,509.6,36,53.9,NIN
rice,Grain,50,214.14,4.06,44.71,0.39,0.56,1.94,159.0,44.6,2.34,72.2,192.3,59,46.1,NIN
mushroom,Vegetable,100,20.3,3.19,3.32,0.31,1.02,1.62,117.5,56.1,0.38,278.8,108.4,48,60.2,WHO
walnut,Nut,150,641.59,15.77,12.95,61.43,6.4,6.4,159.6,68.0,1.25,192.0,213.9,57,92.1,USDA
egg,Protein,200,73.52,5.56,0.61,4.92,0.0,0.49,42.8,59.3,2.93,67.5,548.1,75,18.0,IFCT
avocado,Fruit,200,168.57,1.9,8.54,15.72,7.39,4.67,186.5,79.5,1.9,167.2,209.9,18,27.8,IFCT
chickpeas,Legume,200,163.66,8.76,25.39,2.66,7.11,10.23,180.1,25.4,1.86,186.8,218.1,84,18.9,WHO
cucumber,Vegetable,150,15.15,0.68,3.76,0.1,0.51,0.96,72.5,54.4,1.39,146.6,294.9,49,49.3,USDA
pear,Fruit,200,53.19,0.39,15.99,0.11,2.95,6.82,125.7,58.2,3.58,255.6,397.4,84,57.7,IFCT
strawberry,Fruit,200,47.12,1.06,11.77,0.51,1.89,3.06,178.4,47.2,3.44,44.5,325.6,21,41.1,USDA
pasta,Grain,75,232.25,8.39,43.78,1.23,2.51,11.79,36.6,75.9,2.67,290.5,454.8,71,90.5,USDA
avocado,Fruit,150,153.13,1.92,8.62,15.4,7.02,4.38,78.2,73.4,3.54,16.8,406.7,23,69.0,WHO
almond,Nut,100,586.28,21.24,21.57,49.03,12.68,11.91,16.5,20.1,3.89,70.8,273.2,54,49.3,NIN
salmon,Protein,50,208.06,18.84,0.0,12.12,0.0,0.39,38.2,29.0,2.9,39.9,176.7,52,70.5,NIN
oats,Grain,150,387.69,17.25,67.56,6.9,10.17,5.5,118.9,10.8,2.1,267.8,130.8,31,28.5,IFCT
butter,Dairy,150,728.4,0.91,0.09,83.85,0.0,0.38,18.1,35.9,3.97,260.9,143.8,62,59.7,IFCT
tuna,Protein,200,127.03,29.0,0.0,0.99,0.0,0.39,77.7,8.7,0.89,258.6,327.4,63,80.2,USDA
pear,Fruit,150,60.66,0.41,16.12,0.1,3.23,1.3,132.2,72.2,2.2,5.4,565.8,65,52.5,WHO
strawberry,Fruit,200,48.44,1.07,11.67,0.52,1.95,5.75,181.7,67.0,2.35,130.5,190.0,39,87.8,USDA
spinach,Vegetable,200,24.39,2.86,3.42,0.41,2.3,1.46,24.4,0.6,2.65,207.9,223.7,56,14.7,NIN
rice,Grain,200,197.88,4.54,44.45,0.39,0.58,18.54,151.2,33.1,3.16,147.3,253.6,81,49.0,WHO
chicken,Protein,100,249.49,26.56,0.0,14.81,0.0,0.39,156.8,75.9,0.49,155.0,482.3,80,60.9,USDA
peach,Fruit,150,41.9,0.83,8.88,0.28,1.6,2.76,13.8,17.7,0.41,16.1,261.4,61,60.9,WHO
lentils,Legume,200,107.79,9.39,18.96,0.4,7.37,10.28,186.2,41.5,0.86,236.3,330.8,39,61.0,USDA
garlic,Vegetable,75,152.7,6.89,30.91,0.48,2.07,13.46,81.7,16.0,0.16,212.6,555.5,80,30.9,WHO
onion,Vegetable,100,38.25,1.18,9.23,0.1,1.57,1.39,101.7,44.7,2.06,105.3,114.4,75,92.1,WHO
tofu,Protein,150,81.67,8.08,1.98,5.0,0.32,0.79,92.7,46.9,0.21,39.3,87.2,38,66.6,IFCT
cucumber,Vegetable,150,17.17,0.7,3.32,0.11,0.48,0.65,135.1,65.7,0.4,279.8,312.1,55,24.9,WHO
pear,Fruit,75,56.99,0.38,15.77,0.11,2.95,2.25,50.7,49.5,0.71,36.5,556.1,73,60.9,USDA
milk,Dairy,100,151.88,7.99,12.93,8.51,0.0,3.79,196.9,73.3,1.19,70.5,367.2,16,52.8,NIN
milk,Dairy,200,137.86,7.8,12.69,8.35,0.0,1.31,104.1,25.3,0.13,203.9,258.7,22,34.6,WHO
pear,Fruit,200,54.84,0.39,16.32,0.1,2.94,4.15,84.4,60.2,1.52,123.2,297.9,83,16.9,IFCT
mango,Fruit,100,62.92,0.81,15.86,0.38,1.68,6.78,95.1,0.8,1.74,44.7,541.3,90,52.0,WHO
cheese,Dairy,100,385.98,26.43,1.21,30.88,0.0,0.56,51.6,67.1,0.48,224.7,192.9,56,56.0,WHO
onion,Vegetable,50,39.44,1.07,9.57,0.1,1.72,3.8,108.1,78.3,1.21,100.9,330.7,67,86.0,NIN
tuna,Protein,100,131.23,30.05,0.0,1.02,0.0,0.29,122.8,32.4,3.64,28.3,239.0,50,33.8,WHO
lentils,Legume,100,117.96,8.85,21.24,0.42,8.56,9.1,104.7,36.0,0.75,257.0,118.8,40,65.2,USDA
kiwi,Fruit,75,60.0,1.03,15.73,0.5,2.79,6.91,105.3,79.7,0.51,187.3,96.4,59,33.2,IFCT
almond,Nut,100,573.73,19.74,22.09,47.36,11.57,5.03,183.1,69.1,1.92,261.9,564.2,80,45.5,IFCT
beef,Protein,200,248.26,27.04,0.0,16.82,0.0,0.23,181.9,38.5,0.99,31.4,219.3,62,28.6,WHO
apple,Fruit,50,95.35,0.52,23.64,0.29,4.42,10.51,98.9,60.4,1.27,230.9,488.9,86,26.0,USDA
egg,Protein,100,74.11,6.37,0.59,4.8,0.0,0.41,165.9,17.6,0.41,189.5,334.1,88,78.5,WHO
spinach,Vegetable,200,24.14,2.86,3.8,0.38,2.13,1.56,123.9,21.8,2.53,60.4,60.7,16,93.2,USDA
pear,Fruit,50,55.01,0.38,15.05,0.09,2.9,0.63,44.2,33.6,3.16,152.0,254.3,14,35.1,IFCT
grape,Fruit,100,72.04,0.65,18.01,0.19,0.95,8.97,165.8,9.8,3.1,78.4,474.2,66,27.5,USDA
cherry,Fruit,150,51.88,0.94,12.52,0.29,1.57,7.06,187.3,12.7,2.94,224.7,352.3,25,28.1,WHO
cherry,Fruit,100,53.1,1.06,11.65,0.28,1.63,2.71,34.3,22.1,0.57,237.8,54.9,15,57.9,NIN
tofu,Protein,200,71.8,8.35,1.82,4.8,0.31,0.72,194.0,60.8,0.33,109.9,134.7,78,77.0,IFCT
cheese,Dairy,75,390.21,25.23,1.33,32.19,0.0,0.71,5.2,30.2,2.93,79.0,71.7,66,55.9,NIN
cherry,Fruit,200,47.49,0.98,12.65,0.29,1.68,6.74,111.3,5.5,0.7,92.2,194.8,56,46.3,NIN
chickpeas,Legume,75,174.05,9.17,26.41,2.65,7.38,1.49,193.5,65.5,0.84,206.6,471.2,29,60.8,WHO
peas,Vegetable,100,75.95,5.42,13.49,0.42,4.8,7.66,41.2,38.8,0.49,173.4,510.0,72,52.8,WHO
grape,Fruit,100,65.92,0.72,16.69,0.21,0.92,10.12,166.6,37.4,2.59,111.5,458.9,63,79.8,USDA
tuna,Protein,100,132.61,29.05,0.0,0.93,0.0,0.24,21.1,18.5,1.6,62.0,411.3,82,61.9,IFCT
egg,Protein,200,76.94,5.62,0.61,4.89,0.0,0.41,176.7,13.3,0.8,123.5,235.6,30,53.6,NIN
onion,Vegetable,100,40.32,1.19,9.81,0.1,1.74,4.7,65.4,19.3,2.23,115.6,352.6,42,37.8,NIN
zucchini,Vegetable,150,15.64,1.11,2.99,0.28,0.94,1.71,2.3,78.8,0.94,97.9,474.3,45,88.6,IFCT
mango,Fruit,50,59.62,0.76,14.44,0.42,1.54,2.68,60.8,45.6,2.32,69.1,92.5,51,77.2,IFCT
cheese,Dairy,200,422.55,23.38,1.33,30.56,0.0,0.61,156.2,73.7,1.4,264.5,288.9,25,84.2,IFCT
almond,Nut,200,618.71,21.45,22.47,46.43,12.55,4.56,113.4,26.1,2.82,50.2,420.5,60,93.4,USDA
avocado,Fruit,150,154.62,1.97,8.47,14.0,7.08,0.74,80.4,6.8,2.06,233.3,121.7,27,48.8,IFCT
cheese,Dairy,150,411.79,23.78,1.32,34.24,0.0,0.52,155.6,25.9,3.7,31.4,419.5,64,38.2,IFCT
cucumber,Vegetable,100,16.24,0.65,3.49,0.11,0.51,2.14,89.0,11.7,0.28,246.4,159.8,57,19.2,USDA
pineapple,Fruit,50,47.94,0.51,12.36,0.11,1.35,3.03,161.1,24.4,1.94,102.9,457.0,37,23.5,WHO
egg,Protein,150,79.54,6.47,0.62,5.13,0.0,0.37,105.8,20.4,0.33,64.2,433.1,44,9.8,USDA
watermelon,Fruit,150,30.77,0.62,8.1,0.2,0.37,1.69,176.8,30.9,3.92,155.0,440.3,50,49.1,USDA
pear,Fruit,75,57.01,0.4,16.24,0.09,2.97,5.06,67.4,31.5,0.71,107.3,243.6,90,32.5,WHO
grape,Fruit,100,73.18,0.74,19.01,0.18,0.91,3.4,31.2,71.8,2.66,30.9,260.2,88,84.4,IFCT
peas,Vegetable,75,81.94,5.34,14.06,0.41,5.06,1.58,130.8,46.5,2.77,64.7,126.0,77,87.8,NIN
olive_oil,Oil,75,906.1,0.0,0.0,93.09,0.0,0.14,37.6,67.2,0.67,13.7,225.3,62,92.5,WHO
zucchini,Vegetable,100,16.05,1.14,2.92,0.28,1.08,1.34,121.5,49.0,2.43,73.1,64.3,20,67.6,NIN
lemon,Fruit,200,30.61,1.09,9.52,0.28,2.75,2.91,33.6,18.1,1.69,290.8,559.0,62,25.3,IFCT
walnut,Nut,75,608.6,16.03,15.09,68.82,6.69,3.07,92.1,19.7,1.68,17.3,454.4,58,70.5,NIN
tuna,Protein,200,133.98,28.11,0.0,1.05,0.0,0.27,165.6,3.4,3.98,158.0,267.6,15,55.8,USDA
cherry,Fruit,100,49.52,1.06,12.73,0.29,1.51,2.51,183.9,55.2,3.62,141.8,405.4,21,70.8,USDA
pear,Fruit,200,60.99,0.41,14.31,0.1,3.08,2.04,118.5,57.0,0.89,139.1,187.5,30,70.4,USDA
orange,Fruit,50,64.05,1.23,14.38,0.21,3.21,9.02,122.8,12.8,2.25,18.0,144.0,52,56.5,IFCT
peach,Fruit,75,37.0,0.93,9.38,0.29,1.56,2.82,125.7,9.4,0.61,64.8,392.4,42,6.1,NIN
cheese,Dairy,200,421.78,25.43,1.3,31.51,0.0,0.63,88.9,48.1,0.13,265.2,203.0,90,55.7,IFCT
grape,Fruit,75,65.12,0.72,16.76,0.21,0.92,9.18,60.4,73.6,0.29,128.0,148.0,46,60.6,IFCT
cauliflower,Vegetable,200,24.44,1.76,5.53,0.29,2.13,2.7,151.9,67.5,0.35,143.9,117.1,45,35.0,NIN
butter,Dairy,75,739.47,0.92,0.09,83.98,0.0,0.07,97.2,55.1,3.74,296.0,208.0,87,82.1,WHO
butter,Dairy,200,773.79,0.88,0.09,81.81,0.0,0.22,99.0,14.4,2.48,214.0,588.6,10,15.8,NIN
bread,Grain,50,275.07,8.58,49.9,3.16,2.5,10.6,161.4,17.0,2.6,208.6,189.9,18,33.0,WHO
olive_oil,Oil,50,829.38,0.0,0.0,101.1,0.0,0.08,39.6,66.7,3.7,146.3,311.0,14,63.8,NIN
blueberry,Fruit,150,60.58,0.7,14.12,0.31,2.37,6.59,167.2,23.9,2.93,98.1,344.7,36,57.5,WHO
onion,Vegetable,50,43.01,1.06,8.6,0.11,1.73,4.78,114.6,31.2,2.42,260.1,463.3,50,69.6,WHO
peas,Vegetable,50,80.96,5.17,14.39,0.43,4.87,2.98,23.3,62.8,3.13,274.4,294.1,13,77.7,IFCT
cherry,Fruit,100,53.39,1.04,12.25,0.31,1.51,6.45,164.6,75.0,2.74,44.2,448.5,68,40.3,USDA
apple,Fruit,100,101.57,0.51,25.48,0.28,4.38,1.17,104.6,52.7,1.32,175.4,221.7,36,34.2,IFCT
spinach,Vegetable,100,23.12,3.03,3.7,0.39,2.08,0.69,191.7,44.8,0.5,165.0,352.2,44,17.9,WHO
chicken,Protein,75,226.43,26.19,0.0,14.09,0.0,0.49,180.8,4.0,1.6,30.4,265.6,86,86.1,NIN
tuna,Protein,100,128.04,29.42,0.0,1.03,0.0,0.01,151.4,37.3,0.61,244.8,555.8,69,13.9,WHO
oats,Grain,150,387.17,18.22,62.24,7.44,10.19,14.71,37.5,73.4,1.39,258.9,228.6,72,7.8,NIN
pineapple,Fruit,100,49.83,0.53,12.64,0.1,1.42,4.24,81.7,57.1,0.52,169.1,89.0,48,53.5,NIN
beef,Protein,150,239.54,24.93,0.0,16.95,0.0,0.4,139.1,34.5,3.92,172.3,238.2,40,20.8,USDA
almond,Nut,200,610.2,19.7,22.34,48.6,11.7,6.15,62.3,32.5,2.43,207.2,378.0,58,34.8,USDA
orange,Fruit,75,65.14,1.27,16.39,0.2,2.85,1.78,30.7,42.5,1.62,175.5,157.6,50,32.3,WHO
mushroom,Vegetable,100,23.73,3.14,3.36,0.3,1.06,1.76,13.4,72.1,3.87,5.2,358.0,55,15.0,WHO
banana,Fruit,75,103.85,1.32,27.54,0.41,3.05,7.33,43.0,13.9,0.64,168.8,513.8,56,81.4,IFCT
spinach,Vegetable,75,21.65,2.7,3.32,0.41,2.2,1.22,198.1,6.8,2.6,127.7,300.8,87,89.7,IFCT
cauliflower,Vegetable,200,24.7,2.0,5.2,0.29,1.98,0.52,100.1,58.5,2.88,84.4,559.6,83,38.4,USDA
chicken,Protein,150,246.83,25.33,0.0,14.43,0.0,0.13,196.7,78.7,3.14,142.2,93.0,88,13.0,NIN
bread,Grain,50,272.8,9.06,49.62,3.26,2.87,15.96,3.1,36.3,3.63,174.3,232.3,55,92.4,WHO
spinach,Vegetable,75,21.29,3.1,3.74,0.41,2.22,0.6,95.2,13.5,0.3,297.2,494.9,89,7.5,NIN
orange,Fruit,75,62.06,1.27,14.85,0.19,2.99,8.0,3.8,8.9,0.78,179.6,133.1,67,38.6,IFCT
carrot,Vegetable,75,51.87,1.26,13.01,0.19,2.61,1.5,186.9,12.3,2.03,298.1,473.7,40,65.1,IFCT
kiwi,Fruit,200,63.29,1.07,15.03,0.52,2.82,1.89,80.4,24.1,3.01,227.0,342.9,58,67.2,NIN
milk,Dairy,100,140.54,8.47,11.06,8.55,0.0,5.05,192.4,54.6,0.26,275.7,400.6,65,60.6,WHO
bell_pepper,Vegetable,100,29.84,0.94,6.15,0.29,2.19,2.82,147.1,47.1,0.86,104.5,429.7,33,33.5,USDA
oats,Grain,50,409.64,15.67,61.75,6.56,10.51,9.08,57.4,15.4,0.19,32.1,566.2,37,91.5,USDA
lentils,Legume,50,108.32,9.15,19.6,0.42,8.19,9.74,37.8,8.9,0.82,91.9,413.3,19,63.1,WHO
olive_oil,Oil,150,911.19,0.0,0.0,96.12,0.0,0.36,13.4,31.1,3.98,81.2,497.0,32,45.1,NIN
cherry,Fruit,200,49.14,1.02,11.44,0.3,1.58,4.69,22.1,35.3,1.11,15.3,88.7,42,75.7,USDA
cheese,Dairy,75,411.83,23.0,1.2,32.42,0.0,0.59,78.9,0.3,2.86,232.4,313.0,61,81.8,USDA
cream,Dairy,75,312.98,2.25,2.94,35.9,0.0,1.6,72.4,54.5,1.66,191.5,577.4,21,38.2,WHO
orange,Fruit,150,64.58,1.16,14.67,0.2,3.33,6.27,60.5,31.2,0.52,208.2,317.6,90,44.9,IFCT
lemon,Fruit,50,27.58,1.14,9.44,0.3,2.6,3.25,62.2,42.7,3.35,137.5,597.7,14,35.9,WHO
chickpeas,Legume,50,161.52,8.58,27.66,2.61,8.14,14.16,107.8,59.3,1.01,26.2,454.5,72,64.5,NIN
tuna,Protein,50,126.57,28.67,0.0,1.02,0.0,0.09,20.4,48.9,3.36,23.9,499.6,24,50.2,IFCT
watermelon,Fruit,75,29.65,0.63,8.19,0.21,0.39,4.46,115.6,11.0,3.36,239.0,470.3,85,20.8,USDA
pineapple,Fruit,100,47.13,0.49,13.51,0.1,1.39,7.31,9.1,8.0,3.4,185.7,477.7,12,85.0,USDA
apple,Fruit,50,90.13,0.47,25.71,0.32,4.34,12.26,154.7,55.4,0.9,193.7,337.7,62,26.8,IFCT
tuna,Protein,50,134.03,28.97,0.0,0.93,0.0,0.35,84.3,44.6,0.85,296.0,587.2,89,37.9,IFCT
cauliflower,Vegetable,75,24.11,1.81,5.55,0.31,2.15,1.77,36.1,53.6,0.27,195.2,206.8,65,27.9,NIN
strawberry,Fruit,50,50.88,1.07,11.09,0.52,2.0,1.26,179.1,57.7,2.41,101.2,159.3,51,25.9,USDA
cucumber,Vegetable,75,14.97,0.73,3.81,0.1,0.48,1.28,97.4,71.2,0.67,278.7,300.2,59,39.0,NIN
chickpeas,Legume,75,167.46,9.68,25.71,2.44,7.83,1.44,28.2,68.1,1.89,55.5,239.0,47,59.9,IFCT
chicken,Protein,200,252.58,25.21,0.0,13.98,0.0,0.2,167.6,22.3,2.95,222.2,185.7,51,44.5,IFCT
beef,Protein,75,266.55,27.66,0.0,15.76,0.0,0.13,101.3,34.1,1.64,243.9,433.2,22,46.2,IFCT
orange,Fruit,200,64.51,1.24,15.17,0.19,3.03,2.59,199.8,1.3,2.71,52.7,302.6,83,73.0,USDA
cauliflower,Vegetable,150,26.09,2.01,5.22,0.31,1.96,1.74,127.0,68.8,0.38,268.6,233.1,14,32.0,WHO
tofu,Protein,200,76.52,8.38,1.99,4.48,0.32,0.97,11.9,75.6,2.73,267.0,111.0,56,47.3,USDA
garlic,Vegetable,100,141.26,6.46,30.81,0.52,2.0,19.5,48.5,9.1,1.97,282.0,369.1,36,73.5,IFCT
cucumber,Vegetable,100,17.02,0.7,3.56,0.09,0.49,1.25,100.8,66.4,1.93,161.9,504.0,47,46.1,WHO
oats,Grain,50,369.6,18.04,61.64,6.88,10.06,37.97,16.3,13.2,0.54,48.6,132.8,36,52.4,USDA
spinach,Vegetable,150,24.73,2.92,3.39,0.39,2.18,1.57,59.0,5.0,3.5,73.5,571.1,52,42.5,WHO
rice,Grain,100,205.54,4.41,45.22,0.4,0.6,15.53,179.8,24.5,3.18,71.9,254.5,46,75.0,USDA
blueberry,Fruit,100,55.03,0.75,14.78,0.28,2.41,1.99,35.9,56.6,3.63,239.4,138.7,24,8.7,WHO
chicken,Protein,75,236.74,26.44,0.0,14.46,0.0,0.01,30.4,35.9,3.9,162.4,116.8,13,41.8,NIN
olive_oil,Oil,75,947.34,0.0,0.0,107.52,0.0,0.25,129.8,23.6,3.59,291.0,464.8,83,65.7,NIN
bell_pepper,Vegetable,50,32.15,1.06,5.65,0.3,2.04,1.75,168.3,35.7,0.46,21.2,402.7,84,52.9,WHO
cherry,Fruit,50,46.67,1.06,12.55,0.32,1.72,3.19,98.6,48.3,2.1,21.5,416.7,60,18.5,NIN
garlic,Vegetable,150,145.97,6.18,32.31,0.54,2.23,2.2,145.8,35.5,3.97,242.1,208.7,64,71.3,NIN
lemon,Fruit,200,29.45,1.04,9.01,0.32,2.81,2.2,186.7,47.3,1.57,7.0,401.3,44,42.7,NIN
lentils,Legume,200,120.74,8.48,19.0,0.39,8.07,0.99,165.4,66.8,1.29,170.0,304.9,13,77.0,IFCT
carrot,Vegetable,100,55.79,1.26,12.25,0.2,2.98,3.37,98.9,55.0,1.05,40.2,202.5,18,59.5,WHO
beef,Protein,150,252.62,27.53,0.0,16.93,0.0,0.44,103.0,46.0,3.4,53.0,82.2,50,47.0,IFCT
onion,Vegetable,75,37.14,1.08,9.5,0.11,1.58,1.98,128.2,6.1,0.86,190.3,470.6,86,73.5,WHO
cucumber,Vegetable,100,15.41,0.72,3.52,0.1,0.49,0.74,28.3,22.5,3.14,126.5,556.5,30,14.3,IFCT
yogurt,Dairy,75,105.31,17.8,6.06,0.72,0.0,3.12,142.8,56.2,3.23,128.1,553.8,24,79.5,USDA
milk,Dairy,100,144.51,7.82,12.61,8.5,0.0,5.62,69.1,56.8,0.21,245.3,172.3,28,67.6,WHO
lemon,Fruit,75,27.28,1.03,9.58,0.31,2.61,4.44,151.7,3.4,0.52,239.0,332.4,17,47.7,WHO
strawberry,Fruit,50,47.44,0.92,10.94,0.47,2.03,4.33,40.8,53.6,0.21,47.9,460.4,45,91.3,WHO
onion,Vegetable,75,42.27,1.15,9.47,0.1,1.58,4.66,152.9,42.3,2.89,289.5,144.5,78,5.4,USDA
kiwi,Fruit,200,64.43,1.1,15.17,0.47,3.08,1.39,167.1,78.5,1.75,156.7,274.2,50,16.2,USDA
butter,Dairy,75,716.52,0.88,0.1,83.88,0.0,0.28,77.6,36.6,2.97,207.7,512.6,38,55.4,WHO
mushroom,Vegetable,75,23.26,3.3,3.46,0.32,0.98,0.52,135.2,53.8,1.65,159.2,422.1,25,18.0,NIN
tofu,Protein,200,81.81,8.31,2.02,4.55,0.29,0.63,40.9,67.5,1.68,73.7,283.6,73,30.3,WHO
walnut,Nut,150,638.94,15.4,15.01,70.07,6.71,1.66,91.5,9.8,2.01,73.1,568.3,13,14.1,USDA
watermelon,Fruit,150,30.85,0.65,7.46,0.21,0.38,3.03,20.2,6.1,3.03,231.4,486.0,35,31.7,NIN
cheese,Dairy,200,386.67,24.37,1.37,33.25,0.0,0.51,86.7,73.2,1.6,97.8,257.0,68,8.3,IFCT
egg,Protein,100,82.8,5.68,0.59,4.85,0.0,0.39,114.2,39.2,2.26,164.1,308.4,81,82.7,USDA
corn,Vegetable,100,85.93,3.55,19.36,1.17,2.15,3.99,6.6,3.6,3.36,107.9,458.1,13,74.6,WHO
potato,Vegetable,50,76.11,2.16,17.25,0.09,2.11,2.85,63.1,6.8,2.78,261.3,113.0,31,6.8,WHO
strawberry,Fruit,150,50.24,0.99,11.73,0.49,1.85,3.56,5.4,25.3,2.32,100.1,103.7,72,14.1,IFCT
bell_pepper,Vegetable,150,31.01,1.04,5.85,0.31,2.05,1.85,99.9,67.8,3.17,252.9,344.7,46,29.1,WHO
chicken,Protein,150,250.65,27.54,0.0,14.49,0.0,0.2,55.4,45.3,2.17,131.0,241.0,19,64.3,WHO
yogurt,Dairy,100,98.93,17.11,5.71,0.69,0.0,1.91,152.9,14.4,0.17,212.5,524.5,83,50.4,NIN
broccoli,Vegetable,200,57.72,3.91,11.93,0.64,5.28,0.87,40.9,37.0,1.04,225.2,471.0,65,42.3,USDA
bread,Grain,75,279.67,8.66,47.33,3.03,2.78,7.32,48.5,12.0,0.21,240.1,220.8,72,55.9,NIN
mushroom,Vegetable,50,20.95,2.99,3.05,0.31,0.96,1.32,129.2,3.4,2.92,235.8,80.4,20,33.6,WHO
watermelon,Fruit,150,31.9,0.62,8.07,0.2,0.42,3.92,48.0,45.7,2.05,40.6,415.3,84,91.4,WHO
cheese,Dairy,50,385.15,23.49,1.36,32.1,0.0,0.61,149.9,18.9,1.75,47.6,146.3,45,45.0,WHO
beef,Protein,50,249.61,25.48,0.0,16.5,0.0,0.16,192.7,70.4,3.75,112.1,443.6,49,6.9,USDA
almond,Nut,50,596.66,21.97,21.08,50.42,12.12,12.67,73.2,65.0,0.58,260.8,521.7,59,5.7,NIN
carrot,Vegetable,100,48.59,1.26,11.78,0.19,2.97,6.8,126.6,70.4,3.09,124.9,68.6,20,79.9,NIN
milk,Dairy,150,159.17,7.79,11.85,8.54,0.0,1.57,52.9,5.3,1.74,220.1,351.3,51,46.2,USDA
walnut,Nut,50,668.79,14.24,13.87,66.47,6.17,2.08,61.8,46.1,0.53,78.6,442.5,26,82.1,NIN
cucumber,Vegetable,150,15.94,0.73,3.46,0.1,0.53,1.83,40.5,33.2,0.81,263.5,569.6,83,25.4,USDA
egg,Protein,200,79.58,6.39,0.65,4.76,0.0,0.48,80.8,34.3,1.11,31.3,252.4,82,15.7,NIN
olive_oil,Oil,150,930.29,0.0,0.0,95.25,0.0,0.09,54.0,59.7,1.59,132.2,163.6,37,95.6,WHO
chickpeas,Legume,75,161.86,8.87,25.47,2.51,7.31,10.2,181.6,29.6,2.77,140.2,55.7,27,84.3,NIN
oats,Grain,75,402.28,17.57,68.49,6.73,9.91,2.8,67.2,18.8,3.64,299.0,566.6,86,69.6,USDA
apple,Fruit,100,95.07,0.49,27.02,0.31,4.14,13.49,9.2,14.3,0.76,150.4,236.5,69,17.0,WHO
lentils,Legume,200,114.76,8.65,19.4,0.43,8.0,11.69,56.9,28.8,1.78,271.3,194.8,43,52.0,NIN
peach,Fruit,100,40.48,0.9,10.18,0.3,1.6,3.81,88.6,15.1,0.31,59.0,308.6,30,69.2,NIN
pineapple,Fruit,150,46.33,0.49,13.54,0.1,1.4,6.73,173.5,9.9,0.46,261.1,149.4,31,73.2,WHO
chicken,Protein,200,228.0,29.15,0.0,14.6,0.0,0.04,50.0,39.8,0.47,102.0,206.4,25,40.9,USDA
cucumber,Vegetable,75,14.79,0.7,3.72,0.1,0.51,0.95,131.9,26.4,0.27,188.6,299.2,82,16.8,USDA
rice,Grain,100,200.17,3.99,41.91,0.43,0.59,11.07,36.4,77.2,3.48,31.3,518.8,30,40.4,NIN
spinach,Vegetable,75,21.6,2.9,3.56,0.42,2.13,1.64,27.1,53.2,3.35,156.2,319.3,59,48.4,NIN
orange,Fruit,150,65.09,1.22,15.24,0.2,2.87,3.49,93.2,17.9,2.78,50.7,322.4,90,63.9,USDA
spinach,Vegetable,150,22.77,3.09,3.59,0.38,2.07,2.0,168.5,41.8,1.25,19.1,92.1,15,51.7,NIN
peas,Vegetable,50,80.54,5.59,15.23,0.39,5.17,6.8,4.2,59.2,1.91,236.9,513.6,15,12.6,WHO
cucumber,Vegetable,200,16.57,0.73,3.57,0.1,0.49,2.02,162.2,16.9,0.41,294.7,192.6,23,44.5,USDA
apple,Fruit,150,89.17,0.47,25.01,0.31,4.66,14.56,120.8,38.9,2.51,292.3,248.4,60,78.2,USDA
lemon,Fruit,75,26.74,1.03,8.58,0.32,2.96,1.56,130.1,52.0,1.8,189.7,484.5,34,12.8,NIN
blueberry,Fruit,150,56.29,0.66,15.43,0.31,2.38,4.48,4.9,36.0,1.05,92.0,506.2,60,9.6,USDA
mango,Fruit,150,64.6,0.84,15.57,0.41,1.61,2.97,98.0,38.9,2.41,185.4,423.3,72,26.1,USDA
butter,Dairy,50,708.05,0.87,0.09,86.09,0.0,0.29,99.5,75.1,1.45,210.8,61.4,46,71.1,NIN
onion,Vegetable,150,38.29,1.05,9.91,0.1,1.73,4.78,131.7,10.5,1.24,214.9,577.9,56,77.4,IFCT
tuna,Protein,75,127.41,29.12,0.0,0.94,0.0,0.2,21.1,33.3,3.98,94.6,165.2,16,95.9,WHO
carrot,Vegetable,100,53.47,1.14,13.01,0.2,2.94,2.82,23.7,18.1,2.29,148.5,596.5,55,75.0,WHO
blueberry,Fruit,200,57.95,0.66,13.46,0.32,2.51,8.39,151.4,78.0,3.15,184.8,522.1,23,79.9,USDA
yogurt,Dairy,50,94.67,15.96,5.72,0.68,0.0,2.7,152.6,39.9,3.49,50.5,250.1,27,16.2,IFCT
zucchini,Vegetable,150,17.73,1.11,3.27,0.3,0.97,0.73,53.9,57.2,1.72,190.7,185.0,77,43.4,IFCT
lemon,Fruit,150,28.6,1.08,9.24,0.32,2.93,2.34,6.9,11.6,0.14,242.8,569.0,20,35.8,NIN
olive_oil,Oil,75,874.68,0.0,0.0,106.76,0.0,0.21,195.6,78.4,3.22,263.4,585.0,63,41.6,WHO
chickpeas,Legume,100,174.74,8.29,26.05,2.61,8.11,11.49,89.8,16.4,2.22,237.6,408.6,54,85.8,NIN
olive_oil,Oil,75,937.89,0.0,0.0,98.24,0.0,0.06,104.6,43.3,0.93,155.9,221.7,53,73.9,IFCT
banana,Fruit,50,111.56,1.31,25.96,0.42,3.0,7.14,101.5,58.6,3.38,81.6,329.1,25,9.3,USDA
zucchini,Vegetable,100,17.2,1.11,3.02,0.29,1.04,1.29,143.2,75.0,2.7,254.1,178.6,48,30.9,IFCT
lentils,Legume,150,116.37,8.64,19.45,0.41,8.41,4.65,20.5,56.9,3.33,29.2,84.2,26,48.3,NIN
watermelon,Fruit,100,30.85,0.59,7.67,0.21,0.42,2.87,127.7,79.7,2.79,284.6,452.4,63,80.0,IFCT
yogurt,Dairy,75,99.76,16.88,6.45,0.7,0.0,2.65,91.6,2.6,0.71,169.9,556.9,25,59.7,NIN
pineapple,Fruit,50,48.96,0.48,13.15,0.09,1.36,3.26,59.5,2.2,0.66,236.2,282.0,49,85.9,IFCT
pear,Fruit,150,52.46,0.4,14.15,0.09,3.09,3.17,91.0,27.0,1.57,251.2,508.5,26,74.3,NIN
walnut,Nut,150,671.5,14.16,14.51,60.73,6.83,5.43,78.1,72.0,1.42,18.5,418.7,66,72.0,USDA
peach,Fruit,50,39.45,0.94,9.82,0.3,1.41,3.41,39.3,49.5,2.35,20.6,363.6,34,73.3,USDA
pineapple,Fruit,200,47.44,0.46,13.7,0.1,1.45,7.03,89.4,64.6,2.47,123.5,74.7,12,35.9,IFCT
peas,Vegetable,50,85.66,5.24,13.94,0.38,4.77,1.88,29.7,20.4,0.45,95.5,274.0,31,10.4,WHO
pear,Fruit,50,58.95,0.39,14.22,0.09,3.29,2.72,188.4,72.0,0.3,75.7,378.4,40,49.9,NIN
pineapple,Fruit,100,46.49,0.5,12.91,0.1,1.38,2.22,177.3,21.5,3.86,204.2,185.5,81,64.3,IFCT
lettuce,Vegetable,200,14.78,1.31,2.96,0.19,1.4,0.96,197.1,62.6,2.2,130.0,551.3,67,8.8,NIN
tuna,Protein,100,135.23,26.51,0.0,1.07,0.0,0.37,136.3,79.9,3.39,67.8,512.4,46,9.1,USDA
lettuce,Vegetable,50,14.75,1.32,2.73,0.2,1.25,1.04,122.5,76.6,1.34,206.2,238.4,43,94.1,NIN
broccoli,Vegetable,75,56.43,3.59,10.68,0.64,4.96,6.19,27.6,73.8,2.47,6.3,55.3,32,42.6,NIN
walnut,Nut,150,657.99,15.69,14.33,60.61,6.2,7.07,134.7,53.8,1.48,244.8,505.1,55,40.2,USDA
pineapple,Fruit,150,48.96,0.48,12.07,0.1,1.46,5.51,142.1,15.3,3.28,189.4,494.6,38,26.3,NIN
garlic,Vegetable,50,143.77,6.81,34.2,0.48,2.0,16.4,79.8,69.6,2.32,150.7,353.5,82,66.2,IFCT
watermelon,Fruit,200,28.22,0.56,7.31,0.2,0.38,2.62,156.7,15.3,2.74,297.6,431.1,78,60.9,NIN
apple,Fruit,150,97.14,0.54,23.3,0.32,4.35,14.99,55.5,54.4,1.92,111.6,467.5,38,9.3,NIN
cream,Dairy,150,330.0,2.06,2.73,38.19,0.0,1.67,45.9,55.2,3.84,275.5,158.3,52,33.3,USDA
banana,Fruit,150,103.86,1.2,28.28,0.43,3.27,4.38,95.2,76.7,3.35,247.4,335.8,40,90.9,NIN
walnut,Nut,50,667.12,15.19,13.07,60.43,6.2,2.97,169.7,5.2,0.6,276.1,293.1,48,60.6,NIN
watermelon,Fruit,50,30.85,0.61,7.35,0.2,0.37,3.55,47.4,48.0,2.67,8.1,261.2,64,85.1,USDA
bell_pepper,Vegetable,50,30.77,0.97,5.7,0.28,2.13,0.71,158.1,15.5,2.34,193.0,191.0,63,48.8,NIN
pear,Fruit,75,53.7,0.37,14.29,0.1,3.11,6.12,72.2,46.7,2.21,48.0,308.2,87,36.2,WHO
apple,Fruit,200,96.31,0.51,23.32,0.3,4.64,13.0,85.0,15.6,0.88,273.0,481.9,53,22.2,NIN
tofu,Protein,150,77.21,7.78,1.92,5.16,0.31,0.77,33.3,36.3,3.18,17.4,170.7,10,63.1,IFCT
cauliflower,Vegetable,200,23.85,1.89,5.53,0.32,2.1,1.51,80.7,66.1,0.13,7.9,246.8,81,15.5,WHO
zucchini,Vegetable,75,17.36,1.28,3.03,0.32,0.95,0.89,44.6,21.0,0.78,255.0,185.3,35,7.0,WHO
mango,Fruit,50,63.18,0.75,15.37,0.42,1.56,2.29,91.8,29.6,1.55,55.6,339.8,89,85.2,USDA
pineapple,Fruit,75,53.06,0.47,12.45,0.1,1.44,2.84,86.5,50.9,3.69,230.1,373.0,78,31.8,IFCT
cucumber,Vegetable,75,14.86,0.73,3.81,0.11,0.54,1.97,42.6,6.5,1.94,200.7,85.7,75,40.3,WHO
cheese,Dairy,200,399.7,24.29,1.27,34.03,0.0,0.64,54.4,32.1,3.69,177.3,70.1,38,86.4,NIN
tomato,Vegetable,150,33.42,1.58,7.55,0.38,2.53,1.55,17.9,60.1,1.25,158.1,176.6,15,47.3,WHO
mushroom,Vegetable,150,21.89,3.05,3.46,0.29,0.98,0.77,47.5,51.6,1.5,29.3,513.4,75,54.7,USDA
broccoli,Vegetable,75,51.47,3.45,10.37,0.57,4.85,2.55,61.2,65.2,2.77,86.0,438.1,27,95.9,WHO
apple,Fruit,100,91.68,0.49,27.1,0.32,4.63,11.53,3.4,52.3,3.96,285.7,526.0,39,25.7,IFCT
milk,Dairy,75,149.38,8.37,12.49,8.28,0.0,5.81,63.3,15.0,3.1,210.9,165.3,67,82.6,USDA
garlic,Vegetable,75,150.85,6.02,35.45,0.46,2.2,16.65,68.6,33.5,2.77,124.0,478.3,78,32.3,USDA
chicken,Protein,50,255.14,25.5,0.0,13.62,0.0,0.2,122.0,69.4,3.92,65.2,264.8,78,40.2,NIN
mango,Fruit,100,60.67,0.79,15.95,0.37,1.5,5.2,7.4,55.1,2.01,60.1,88.2,59,30.8,IFCT
