session_id,scan_date,scan_time,user_city,total_items,fresh_count,moderate_count,spoiled_count,total_calories,total_protein_g,avg_freshness_pct,scan_duration_sec,items_discarded,recipe_suggested,fridge_temp_c,fridge_humidity,device_type
1,2025-09-10,20:02,Kolkata,9,6,3,0,1099.4,26.8,23.2,1.06,0,False,6.1,76.2,uploaded
2,2025-06-07,21:12,Hyderabad,6,3,0,3,304.2,71.0,59.4,3.86,1,True,7.2,56.5,uploaded
3,2025-05-15,21:03,Pune,3,0,1,2,1437.4,49.8,59.3,3.73,0,True,1.0,72.7,uploaded
4,2025-09-22,11:32,Pune,6,3,3,0,1370.3,106.7,60.8,2.51,0,True,3.6,85.9,uploaded
5,2025-03-16,07:19,Pune,11,10,0,1,1758.1,50.6,60.8,1.43,1,True,4.0,82.2,uploaded
6,2025-11-10,09:42,Hyderabad,12,2,2,8,1297.4,60.2,65.3,0.53,1,True,4.9,73.6,fridge_cam
7,2025-10-18,17:56,Pune,11,11,0,0,665.3,109.9,94.0,2.43,0,False,7.3,73.7,phone_camera
8,2025-09-13,20:58,Pune,7,6,1,0,1341.9,52.6,33.7,1.26,0,False,5.9,81.2,uploaded
9,2025-11-20,21:40,Pune,7,0,5,2,746.6,80.4,59.8,3.04,0,True,4.1,61.1,fridge_cam
10,2025-03-14,22:33,Bangalore,6,3,0,3,241.6,119.2,26.0,3.25,2,False,4.8,77.3,phone_camera
11,2025-05-27,11:07,Kolkata,10,3,1,6,1060.4,47.2,93.7,1.45,4,False,7.8,63.8,phone_camera
12,2025-08-08,07:22,Pune,4,3,0,1,1755.2,62.5,52.6,0.61,1,True,7.5,70.4,fridge_cam
13,2025-02-11,20:28,Delhi,9,4,0,5,931.3,52.5,28.8,2.65,3,False,6.9,67.0,phone_camera
14,2025-03-09,16:35,Kolkata,8,5,2,1,959.4,60.0,65.8,2.5,0,False,2.1,89.4,uploaded
15,2025-01-14,06:06,Delhi,10,9,1,0,1980.3,38.6,37.1,1.07,0,False,5.7,73.4,phone_camera
16,2025-09-22,22:24,Mumbai,12,2,3,7,479.2,81.2,39.0,2.77,6,True,4.9,86.3,webcam
17,2025-07-12,21:17,Pune,3,1,1,1,1198.4,71.6,43.4,2.22,0,False,6.8,75.3,uploaded
18,2025-11-12,06:41,Bangalore,5,3,0,2,256.6,90.3,31.1,2.0,1,False,5.5,56.3,uploaded
19,2025-01-19,08:00,Chennai,4,2,2,0,1275.1,57.3,46.7,2.83,0,False,3.4,65.9,phone_camera
20,2025-08-17,14:54,Bangalore,3,0,0,3,434.5,90.9,56.8,1.54,1,True,7.4,66.0,phone_camera
21,2025-11-27,12:03,Bangalore,8,8,0,0,1592.7,31.8,28.2,3.97,0,False,5.0,58.7,uploaded
22,2025-02-27,21:05,Mumbai,3,3,0,0,1404.1,37.8,67.9,1.75,0,False,2.9,60.2,uploaded
23,2025-05-27,15:48,Pune,9,4,1,4,945.0,25.4,52.3,2.9,2,True,6.9,89.1,fridge_cam
24,2025-02-03,19:00,Mumbai,10,7,2,1,1115.0,87.1,85.8,1.17,1,False,3.5,77.4,uploaded
25,2025-05-24,08:43,Delhi,8,2,0,6,1786.9,28.0,79.2,2.35,6,True,6.3,56.7,webcam
26,2025-04-01,13:40,Mumbai,9,4,5,0,1285.6,64.5,72.9,1.53,0,True,2.6,80.1,phone_camera
27,2025-06-22,20:33,Bangalore,12,11,1,0,1907.7,110.7,72.0,3.06,0,False,8.0,86.4,uploaded
28,2025-12-09,21:09,Kolkata,5,2,3,0,1762.1,91.3,58.2,2.82,0,True,4.9,55.4,uploaded
29,2025-10-19,20:35,Delhi,4,0,0,4,724.8,29.1,58.1,2.53,1,True,3.7,64.1,webcam
30,2025-07-12,22:22,Hyderabad,5,4,0,1,1045.7,95.2,92.6,3.53,0,False,4.6,57.5,fridge_cam
31,2025-06-25,22:47,Delhi,8,7,0,1,611.5,84.6,46.3,1.83,0,True,8.0,62.8,phone_camera
32,2025-12-28,20:44,Chennai,7,4,0,3,1125.4,12.2,84.0,1.26,1,False,5.3,65.2,fridge_cam
33,2025-11-09,16:39,Chennai,10,8,2,0,1536.4,33.0,71.8,3.41,0,True,1.5,58.5,webcam
34,2025-11-05,09:42,Hyderabad,5,3,1,1,341.7,38.2,77.6,3.91,0,False,5.4,71.0,uploaded
35,2025-08-01,17:41,Pune,3,2,0,1,235.9,54.2,29.8,2.84,0,False,3.8,87.6,phone_camera
36,2025-08-05,06:49,Bangalore,5,3,1,1,1291.5,15.8,75.4,0.64,0,False,5.2,73.1,uploaded
37,2025-11-07,19:53,Kolkata,8,2,5,1,551.3,72.2,28.2,2.32,1,False,2.9,85.3,phone_camera
38,2025-12-19,10:33,Mumbai,11,5,3,3,919.6,26.1,65.4,0.85,2,True,3.2,80.3,fridge_cam
39,2025-08-28,21:06,Delhi,5,3,1,1,1357.0,90.8,34.5,1.22,1,True,1.5,78.3,fridge_cam
40,2025-02-20,19:47,Chennai,10,5,3,2,1746.9,51.7,67.3,1.0,0,True,6.5,61.0,uploaded
41,2025-11-25,20:03,Kolkata,7,5,2,0,209.0,23.3,29.4,1.64,0,False,2.4,76.5,webcam
42,2025-07-20,12:10,Pune,8,3,3,2,1201.3,79.7,88.0,2.89,2,False,3.0,84.5,uploaded
43,2025-09-22,21:20,Mumbai,5,1,3,1,359.9,92.2,46.1,2.84,0,False,1.9,78.0,uploaded
44,2025-12-04,15:55,Pune,8,7,0,1,739.6,82.0,40.1,3.24,0,False,5.6,66.0,uploaded
45,2025-11-07,14:00,Hyderabad,5,5,0,0,1906.1,88.8,30.6,2.23,0,False,4.2,87.3,uploaded
46,2025-11-15,07:20,Pune,11,5,0,6,397.7,69.6,46.2,2.76,0,True,7.6,58.1,uploaded
47,2025-08-12,09:17,Delhi,10,2,0,8,1691.6,51.1,52.2,3.69,6,False,6.1,79.0,webcam
48,2025-12-09,13:17,Chennai,4,2,0,2,1583.7,10.1,33.9,2.79,1,False,3.6,65.6,fridge_cam
49,2025-12-15,12:46,Mumbai,9,6,2,1,1258.3,62.4,93.1,0.79,0,False,1.0,73.2,webcam
50,2025-01-20,15:57,Kolkata,5,1,1,3,967.2,87.3,28.8,2.96,0,False,6.9,84.3,fridge_cam
51,2025-04-27,06:20,Mumbai,6,6,0,0,1596.9,106.1,32.4,2.59,0,True,5.4,84.1,phone_camera
52,2025-10-26,18:07,Delhi,12,3,0,9,1761.8,62.7,84.4,0.68,6,True,3.8,56.9,uploaded
53,2025-10-02,14:07,Chennai,10,0,5,5,1028.2,102.4,68.0,2.88,3,False,5.7,58.6,fridge_cam
54,2025-10-20,18:43,Chennai,9,7,0,2,1189.1,39.8,51.5,0.74,0,True,5.2,87.6,phone_camera
55,2025-12-16,20:54,Hyderabad,3,3,0,0,1170.5,109.7,31.5,3.22,0,False,5.4,89.5,uploaded
56,2025-03-15,14:58,Hyderabad,11,10,1,0,537.3,86.6,20.9,3.23,0,False,1.5,66.4,uploaded
57,2025-02-26,12:54,Kolkata,8,5,0,3,1643.4,33.8,53.9,1.03,0,True,6.8,68.4,webcam
58,2025-09-06,15:48,Kolkata,7,0,2,5,930.3,113.2,68.2,3.41,0,True,4.1,69.7,fridge_cam
59,2025-11-26,12:42,Chennai,3,2,0,1,872.7,72.7,67.9,2.14,0,True,1.8,77.9,webcam
60,2025-12-08,18:51,Hyderabad,8,1,1,6,1646.0,12.9,87.7,2.58,2,False,6.1,64.8,fridge_cam
61,2025-06-04,13:39,Delhi,3,2,0,1,1834.0,64.4,62.3,0.83,0,True,4.0,84.5,webcam
62,2025-11-14,22:04,Kolkata,3,3,0,0,724.7,104.6,52.2,2.74,0,True,1.7,81.6,phone_camera
63,2025-01-14,21:03,Hyderabad,12,4,2,6,1944.3,47.7,58.9,3.93,4,True,3.0,78.7,fridge_cam
64,2025-08-23,16:44,Bangalore,12,10,1,1,518.0,119.8,22.5,0.71,0,False,1.5,82.5,uploaded
65,2025-10-18,19:11,Kolkata,4,3,1,0,474.2,44.1,42.8,3.75,0,False,5.5,58.5,fridge_cam
66,2025-03-12,08:38,Hyderabad,12,5,3,4,268.2,11.1,84.6,3.33,1,True,2.8,76.8,phone_camera
67,2025-12-25,21:03,Hyderabad,5,3,1,1,789.3,43.7,70.9,1.98,0,True,5.3,81.0,fridge_cam
68,2025-05-18,11:05,Mumbai,7,3,2,2,1140.7,10.5,29.1,2.77,1,False,3.8,64.7,webcam
69,2025-10-18,17:23,Kolkata,8,1,3,4,1957.3,27.3,90.1,2.15,0,True,5.3,63.5,uploaded
70,2025-06-05,13:09,Delhi,8,2,6,0,622.5,86.9,27.2,1.22,0,False,6.5,86.0,fridge_cam
71,2025-08-07,13:23,Chennai,9,2,0,7,222.2,88.0,84.3,1.64,5,True,8.0,65.7,phone_camera
72,2025-08-28,11:33,Bangalore,12,4,0,8,536.9,90.8,59.1,3.12,3,False,1.2,70.0,phone_camera
73,2025-12-07,18:01,Hyderabad,8,8,0,0,308.9,48.7,30.0,2.87,0,True,6.3,87.8,webcam
74,2025-01-03,08:23,Mumbai,9,7,1,1,1730.2,80.0,53.7,0.59,0,False,6.4,84.0,fridge_cam
75,2025-07-28,22:44,Pune,10,7,2,1,958.6,91.0,26.7,3.96,1,True,4.7,85.2,fridge_cam
76,2025-09-19,08:51,Mumbai,6,4,0,2,1468.0,82.0,78.2,3.95,2,False,6.6,66.6,fridge_cam
77,2025-07-09,15:21,Chennai,6,6,0,0,485.4,46.0,48.8,3.79,0,True,4.8,85.7,phone_camera
78,2025-11-09,10:37,Hyderabad,7,6,1,0,1437.0,52.5,35.7,0.7,0,False,1.3,80.5,phone_camera
79,2025-06-03,07:24,Pune,12,9,2,1,1728.0,32.0,74.0,2.66,0,False,2.0,75.4,uploaded
80,2025-08-17,17:44,Bangalore,3,2,0,1,1631.0,21.6,24.3,1.98,0,True,3.5,75.9,uploaded
81,2025-11-19,18:39,Delhi,5,2,0,3,332.0,33.6,32.6,2.35,0,False,6.3,73.4,webcam
82,2025-05-20,11:58,Mumbai,3,3,0,0,1467.2,12.8,78.5,1.95,0,False,7.9,78.2,fridge_cam
83,2025-08-05,09:53,Mumbai,7,4,1,2,512.8,104.5,73.5,2.23,1,False,2.5,74.6,phone_camera
84,2025-11-17,07:51,Delhi,4,4,0,0,619.3,108.1,72.4,0.66,0,False,3.3,82.0,fridge_cam
85,2025-02-18,07:04,Kolkata,5,0,4,1,1146.1,92.2,40.9,1.08,0,True,1.7,60.6,uploaded
86,2025-07-01,12:03,Mumbai,8,7,1,0,1434.9,21.8,25.4,2.35,0,True,3.2,79.6,phone_camera
87,2025-09-18,08:55,Chennai,10,5,4,1,1159.5,77.2,32.5,1.95,0,False,1.8,67.0,uploaded
88,2025-09-19,09:00,Hyderabad,5,3,0,2,819.4,20.7,23.2,3.91,0,False,5.2,84.4,fridge_cam
89,2025-11-06,10:12,Hyderabad,4,1,3,0,1374.2,18.3,69.7,3.84,0,True,7.0,77.8,webcam
90,2025-02-28,14:24,Hyderabad,12,4,0,8,897.5,105.2,37.7,1.91,7,False,2.0,72.2,webcam
91,2025-12-23,06:27,Pune,7,5,0,2,1716.5,32.5,71.4,3.6,0,True,7.7,67.7,webcam
92,2025-03-11,08:02,Delhi,9,2,6,1,1717.5,73.4,48.3,0.92,0,True,7.1,67.7,webcam
93,2025-04-22,10:01,Hyderabad,8,1,3,4,912.5,32.3,84.9,3.77,1,False,7.8,71.7,webcam
94,2025-11-22,19:26,Delhi,6,2,4,0,629.9,72.0,36.7,1.84,0,False,2.9,62.7,webcam
95,2025-12-01,06:50,Hyderabad,12,5,0,7,737.2,53.1,71.1,2.21,0,True,6.0,70.1,phone_camera
96,2025-06-01,06:14,Hyderabad,4,2,1,1,660.2,79.6,93.9,3.54,1,False,3.7,81.0,phone_camera
97,2025-11-20,06:08,Mumbai,3,0,0,3,504.5,20.4,93.3,0.87,0,False,6.2,84.5,webcam
98,2025-08-11,09:58,Pune,10,5,0,5,1241.1,27.8,81.1,2.12,5,False,6.6,64.8,webcam
99,2025-11-21,22:40,Delhi,9,2,2,5,1984.9,90.7,70.5,1.71,4,False,6.5,60.8,phone_camera
100,2025-02-01,13:24,Kolkata,3,2,1,0,1412.5,35.0,56.6,3.13,0,False,3.0,60.0,uploaded
101,2025-05-11,12:04,Kolkata,4,4,0,0,733.9,73.9,46.6,3.85,0,True,2.0,76.6,webcam
102,2025-05-16,12:20,Bangalore,9,9,0,0,1840.3,38.0,80.9,2.91,0,True,3.9,58.2,webcam
103,2025-05-11,07:41,Hyderabad,12,8,1,3,409.6,88.1,69.9,2.05,1,True,3.9,70.4,webcam
104,2025-01-06,11:23,Mumbai,10,0,6,4,804.1,109.9,35.2,2.8,1,False,6.2,70.8,phone_camera
105,2025-10-12,15:59,Chennai,5,4,0,1,1085.2,39.2,22.4,1.86,1,True,3.5,74.2,phone_camera
106,2025-04-20,12:13,Kolkata,11,1,7,3,1726.1,91.7,66.4,3.66,0,True,6.6,69.8,fridge_cam
107,2025-01-26,18:18,Bangalore,9,1,2,6,700.0,55.0,90.7,2.18,2,False,4.9,67.4,phone_camera
108,2025-05-12,07:47,Pune,8,0,8,0,340.0,105.4,86.4,1.57,0,False,4.3,55.5,phone_camera
109,2025-01-05,22:22,Pune,11,6,0,5,802.9,101.6,38.8,2.35,1,False,5.8,59.9,phone_camera
110,2025-06-27,09:34,Kolkata,5,5,0,0,1936.1,104.7,62.2,3.49,0,False,2.3,85.0,webcam
111,2025-07-16,13:56,Chennai,8,3,0,5,1521.1,69.5,80.9,1.29,4,False,1.1,80.8,uploaded
112,2025-03-23,08:37,Kolkata,10,6,4,0,1364.0,90.8,44.6,3.46,0,False,1.2,67.4,uploaded
113,2025-12-09,06:54,Bangalore,7,4,2,1,1264.0,118.7,28.7,1.58,1,False,4.3,74.3,fridge_cam
114,2025-12-21,16:47,Kolkata,6,0,6,0,870.8,64.5,65.6,2.6,0,True,4.9,61.3,uploaded
115,2025-08-07,11:16,Mumbai,6,1,5,0,1080.2,14.7,70.7,2.72,0,True,3.3,69.2,fridge_cam
116,2025-11-08,15:12,Chennai,4,2,0,2,1807.0,53.7,68.9,1.31,2,False,3.7,79.3,webcam
117,2025-12-21,08:37,Chennai,9,0,5,4,1047.4,10.8,71.1,1.15,1,False,6.2,70.5,phone_camera
118,2025-02-07,08:33,Delhi,10,3,0,7,547.0,18.3,45.8,2.86,1,False,6.2,60.0,webcam
119,2025-08-13,11:01,Bangalore,4,0,2,2,569.0,60.7,56.1,3.27,0,False,3.2,64.8,fridge_cam
120,2025-08-07,08:41,Chennai,8,6,1,1,1601.2,66.3,44.5,1.12,1,True,4.3,80.4,webcam
121,2025-04-18,12:02,Chennai,11,10,1,0,736.8,83.5,55.5,3.08,0,False,3.6,70.2,webcam
122,2025-11-20,07:48,Pune,7,1,4,2,433.7,41.3,50.2,3.0,2,True,4.0,71.4,fridge_cam
123,2025-08-07,19:53,Mumbai,9,0,8,1,340.7,72.0,71.7,2.31,0,False,7.4,81.7,phone_camera
124,2025-05-11,06:41,Mumbai,11,11,0,0,205.9,108.8,59.3,3.08,0,True,5.6,69.1,uploaded
125,2025-03-24,21:12,Hyderabad,9,4,4,1,1442.8,54.8,80.7,1.21,0,False,5.5,86.1,phone_camera
126,2025-09-03,17:22,Mumbai,10,8,0,2,1386.5,30.4,71.6,2.37,0,True,1.6,68.9,webcam
127,2025-04-17,15:04,Pune,9,0,3,6,1052.4,67.3,50.3,1.04,3,False,5.2,55.5,phone_camera
128,2025-09-03,06:21,Pune,9,4,4,1,254.5,74.6,51.3,2.38,0,True,4.1,77.2,fridge_cam
129,2025-09-05,11:50,Bangalore,12,3,0,9,1363.2,66.9,40.5,2.5,3,False,2.7,82.1,phone_camera
130,2025-01-15,11:40,Delhi,6,6,0,0,1665.6,55.6,84.5,0.8,0,True,2.6,56.8,uploaded
131,2025-02-22,14:24,Bangalore,10,8,0,2,267.3,19.3,72.8,0.77,0,True,2.8,70.3,phone_camera
132,2025-03-10,20:19,Hyderabad,3,1,1,1,793.5,30.4,81.2,2.41,1,True,4.4,62.7,phone_camera
133,2025-01-23,19:48,Mumbai,10,7,3,0,1300.2,81.5,44.9,0.73,0,False,4.9,85.1,webcam
134,2025-05-03,19:37,Hyderabad,9,5,3,1,651.8,34.1,86.6,1.92,0,True,4.3,84.2,fridge_cam
135,2025-05-12,13:21,Bangalore,9,1,8,0,1015.2,88.6,86.7,1.77,0,False,7.8,72.7,uploaded
136,2025-08-10,15:34,Hyderabad,4,4,0,0,1827.1,30.9,66.5,3.96,0,False,1.9,64.3,webcam
137,2025-08-21,07:09,Chennai,5,2,3,0,1975.0,99.3,33.0,1.67,0,False,6.3,80.3,phone_camera
138,2025-03-19,15:00,Mumbai,10,6,1,3,1701.3,65.9,81.5,3.85,2,True,4.4,58.2,phone_camera
139,2025-09-24,18:20,Delhi,9,9,0,0,1745.5,11.7,51.0,3.49,0,True,7.1,84.7,phone_camera
140,2025-11-03,13:08,Hyderabad,12,12,0,0,747.2,28.3,55.3,1.78,0,True,3.5,56.5,uploaded
141,2025-06-11,21:19,Hyderabad,8,7,1,0,880.4,79.8,61.6,3.9,0,True,6.5,68.8,fridge_cam
142,2025-09-23,15:07,Chennai,8,7,0,1,1230.0,10.7,22.2,2.01,1,True,3.9,89.1,webcam
143,2025-08-13,18:01,Kolkata,8,3,0,5,1447.2,42.3,72.0,1.82,3,True,4.6,65.3,phone_camera
144,2025-06-15,16:54,Kolkata,9,9,0,0,851.5,53.3,21.3,2.45,0,True,3.9,68.0,phone_camera
145,2025-11-10,19:37,Bangalore,11,8,1,2,878.9,15.5,72.8,3.49,2,True,4.6,81.5,webcam
146,2025-11-01,12:26,Mumbai,7,1,2,4,1887.8,67.9,39.5,0.87,3,True,7.4,85.8,uploaded
147,2025-03-21,12:56,Chennai,12,0,2,10,1281.2,85.7,42.1,3.8,1,True,1.6,61.9,fridge_cam
148,2025-01-16,11:21,Bangalore,8,7,0,1,897.3,103.7,76.7,2.2,0,True,3.7,62.3,uploaded
149,2025-08-23,08:41,Pune,8,7,0,1,866.5,116.1,23.9,0.85,1,False,4.2,88.4,uploaded
150,2025-12-05,10:17,Kolkata,12,5,3,4,1282.7,62.7,55.1,2.56,3,False,3.3,70.8,webcam
151,2025-05-11,14:42,Chennai,5,0,4,1,1860.6,69.2,66.8,2.91,1,True,4.9,80.8,phone_camera
152,2025-07-19,14:07,Mumbai,9,9,0,0,1415.2,52.6,40.2,2.41,0,False,5.2,55.3,uploaded
153,2025-10-03,15:07,Hyderabad,11,6,1,4,1446.9,45.6,22.9,3.04,4,False,5.3,79.0,fridge_cam
154,2025-03-15,07:28,Mumbai,7,7,0,0,852.1,40.0,74.5,2.18,0,True,1.4,66.7,uploaded
155,2025-05-02,20:20,Chennai,5,4,1,0,1769.8,37.0,29.3,1.38,0,True,4.1,60.9,webcam
156,2025-09-20,09:43,Chennai,6,2,3,1,1207.7,81.1,60.1,2.18,0,False,3.5,58.7,phone_camera
157,2025-06-13,20:53,Hyderabad,12,10,0,2,1874.6,120.0,55.9,3.2,2,False,6.7,58.2,uploaded
158,2025-07-06,19:26,Pune,10,1,8,1,991.4,94.2,59.6,0.75,0,True,6.4,68.7,webcam
159,2025-03-24,19:08,Delhi,6,0,1,5,1432.7,77.6,51.6,0.6,2,False,3.8,83.3,fridge_cam
160,2025-01-25,16:14,Bangalore,12,7,3,2,734.5,116.0,80.2,3.36,2,False,3.0,59.6,uploaded
161,2025-09-21,07:54,Chennai,9,2,0,7,1461.1,105.0,66.2,3.64,2,True,7.4,82.6,phone_camera
162,2025-07-11,06:18,Pune,3,2,0,1,838.8,67.7,66.4,2.6,0,True,5.2,85.7,phone_camera
163,2025-05-01,14:57,Chennai,4,2,0,2,1870.1,80.1,44.5,2.91,2,True,4.2,73.1,webcam
164,2025-12-27,12:51,Mumbai,5,3,1,1,607.2,101.2,52.7,3.45,1,True,1.1,74.3,fridge_cam
165,2025-07-03,19:55,Kolkata,8,7,1,0,1491.1,113.9,86.3,3.44,0,True,6.1,64.8,webcam
166,2025-05-03,21:56,Mumbai,6,0,4,2,1403.1,80.2,47.6,0.99,1,False,3.6,86.3,fridge_cam
167,2025-03-27,07:14,Kolkata,7,6,0,1,1566.8,40.8,93.4,2.09,0,False,2.8,78.6,webcam
168,2025-12-17,09:57,Delhi,12,12,0,0,1423.4,101.0,93.7,1.69,0,True,3.4,80.0,uploaded
169,2025-12-21,06:31,Pune,5,4,1,0,1981.5,19.3,76.9,3.24,0,False,6.6,84.6,phone_camera
170,2025-11-09,08:32,Kolkata,7,0,7,0,1523.4,12.0,72.4,2.37,0,False,1.4,67.1,fridge_cam
171,2025-02-05,07:25,Hyderabad,7,6,1,0,241.6,79.0,52.3,0.83,0,False,2.5,70.4,fridge_cam
172,2025-04-04,16:34,Delhi,6,6,0,0,881.5,35.1,77.3,3.24,0,True,4.8,79.1,fridge_cam
173,2025-12-25,12:06,Hyderabad,3,0,1,2,838.9,111.7,91.7,2.46,0,True,7.2,67.0,phone_camera
174,2025-04-25,14:40,Pune,12,0,0,12,1574.4,33.0,34.0,2.68,6,True,1.2,66.6,fridge_cam
175,2025-03-17,15:38,Bangalore,8,5,3,0,868.6,97.6,75.0,2.05,0,True,5.2,76.1,fridge_cam
176,2025-10-22,17:05,Hyderabad,6,0,0,6,1108.3,48.9,53.4,2.04,1,True,5.8,74.8,uploaded
177,2025-10-15,22:12,Chennai,5,5,0,0,1427.8,17.8,65.2,2.01,0,False,3.8,82.8,webcam
178,2025-07-06,16:43,Pune,10,4,2,4,878.9,61.5,87.2,3.69,3,True,7.6,83.3,uploaded
179,2025-06-02,07:42,Mumbai,8,8,0,0,262.2,47.6,93.6,3.67,0,False,3.8,86.3,webcam
180,2025-10-01,18:52,Delhi,10,4,1,5,1855.3,37.7,94.7,1.17,1,True,2.0,77.0,fridge_cam
181,2025-04-21,09:36,Bangalore,7,0,7,0,345.3,69.6,66.8,2.85,0,True,2.3,81.5,uploaded
182,2025-12-13,14:59,Mumbai,10,2,1,7,1807.8,19.1,67.9,3.94,6,False,2.9,57.3,webcam
183,2025-06-06,20:21,Bangalore,10,9,0,1,860.0,118.8,73.0,2.4,0,True,1.1,55.2,uploaded
184,2025-03-03,16:10,Hyderabad,4,4,0,0,1882.8,16.5,91.6,1.53,0,False,6.0,64.4,webcam
185,2025-05-05,13:06,Bangalore,11,6,0,5,1083.3,33.3,83.8,1.55,5,False,7.9,71.6,webcam
186,2025-01-14,20:41,Mumbai,9,0,6,3,1084.6,59.8,59.9,2.66,0,False,1.9,59.1,webcam
187,2025-09-22,14:30,Hyderabad,10,2,0,8,1657.9,101.5,74.0,3.04,1,False,1.4,67.1,uploaded
188,2025-12-11,17:29,Kolkata,7,7,0,0,856.4,75.2,86.5,3.32,0,False,5.4,85.5,fridge_cam
189,2025-08-20,08:53,Chennai,12,12,0,0,1673.0,93.7,73.7,2.54,0,False,4.7,73.9,uploaded
190,2025-01-18,06:18,Delhi,8,2,1,5,1710.9,31.3,85.8,0.59,4,True,1.2,71.2,webcam
191,2025-07-25,20:22,Delhi,3,0,1,2,671.4,48.2,80.9,3.22,1,False,6.5,58.1,uploaded
192,2025-06-03,09:30,Kolkata,6,4,0,2,1673.5,100.2,67.6,0.68,1,True,1.6,83.1,phone_camera
193,2025-04-28,06:34,Kolkata,9,3,5,1,1832.4,96.1,76.2,1.4,0,False,7.2,57.8,phone_camera
194,2025-05-10,13:03,Bangalore,8,8,0,0,1966.8,85.0,78.4,3.73,0,True,1.7,70.6,uploaded
195,2025-10-17,09:54,Pune,11,1,0,10,1769.7,119.9,87.5,3.91,5,True,1.6,60.3,uploaded
196,2025-02-03,06:28,Kolkata,10,3,7,0,211.8,53.4,50.8,2.76,0,False,7.9,84.1,webcam
197,2025-06-28,15:27,Hyderabad,7,7,0,0,1224.7,31.1,55.0,3.92,0,True,3.2,70.5,uploaded
198,2025-11-23,21:45,Bangalore,11,9,2,0,1660.2,34.3,82.2,1.81,0,False,1.2,80.4,phone_camera
199,2025-05-22,06:56,Hyderabad,10,0,1,9,835.3,81.1,24.6,2.04,1,False,5.5,81.9,uploaded
200,2025-01-21,15:31,Bangalore,6,1,1,4,471.7,89.0,51.4,2.96,2,False,5.8,77.0,phone_camera
201,2025-02-13,10:59,Kolkata,6,6,0,0,1978.5,99.8,71.3,3.68,0,False,2.3,80.7,webcam
202,2025-01-22,12:01,Hyderabad,8,6,1,1,1163.3,48.6,26.3,2.33,1,True,2.9,74.9,uploaded
203,2025-09-02,22:31,Bangalore,6,2,3,1,1308.0,111.1,92.4,1.37,1,True,3.1,79.5,webcam
204,2025-03-04,21:47,Delhi,9,7,1,1,634.5,77.9,41.5,1.55,0,True,3.7,63.3,fridge_cam
205,2025-10-24,11:37,Kolkata,11,7,0,4,804.1,56.3,32.7,2.98,0,False,3.4,73.4,phone_camera
206,2025-08-07,13:06,Kolkata,9,2,7,0,1864.4,47.1,27.2,2.85,0,False,7.9,62.8,webcam
207,2025-08-28,14:16,Bangalore,7,1,4,2,965.6,88.7,83.7,0.95,1,False,4.6,66.6,webcam
208,2025-02-16,17:04,Bangalore,9,9,0,0,387.8,50.9,69.3,2.7,0,False,2.8,70.9,fridge_cam
209,2025-08-09,16:45,Hyderabad,3,0,2,1,1919.0,63.3,51.5,2.37,1,True,2.6,78.3,webcam
210,2025-01-16,13:12,Delhi,5,3,1,1,1292.0,69.5,67.8,3.56,0,False,3.5,65.0,webcam
211,2025-06-26,13:19,Chennai,9,0,3,6,1077.0,87.0,46.5,1.93,6,False,1.7,77.6,webcam
212,2025-11-25,20:55,Mumbai,3,0,2,1,1222.7,82.7,86.5,2.7,0,False,4.6,64.9,webcam
213,2025-08-03,10:56,Bangalore,4,1,3,0,1963.4,86.7,88.6,1.85,0,True,6.8,76.1,webcam
214,2025-08-19,14:00,Hyderabad,10,4,2,4,203.6,31.2,79.5,3.9,4,True,2.2,77.2,uploaded
215,2025-10-25,18:20,Hyderabad,7,1,4,2,1547.9,13.6,72.1,1.36,1,False,3.3,83.7,fridge_cam
216,2025-09-01,11:15,Hyderabad,11,7,1,3,1781.4,45.2,33.4,1.95,0,True,3.6,74.0,webcam
217,2025-01-23,13:00,Chennai,11,8,0,3,797.9,31.5,60.4,2.41,3,False,5.4,82.5,phone_camera
218,2025-08-03,07:54,Hyderabad,3,1,0,2,312.5,94.0,62.8,1.1,0,True,7.1,75.7,uploaded
219,2025-06-09,08:22,Kolkata,9,2,1,6,1960.2,17.5,63.4,2.46,3,True,6.9,78.8,phone_camera
220,2025-12-20,15:54,Kolkata,10,2,2,6,1877.9,82.8,50.7,1.66,6,True,3.1,60.9,uploaded
221,2025-11-27,21:41,Pune,6,4,2,0,684.8,45.6,65.7,0.69,0,True,7.6,67.6,fridge_cam
222,2025-11-08,14:25,Pune,10,2,8,0,588.0,66.7,65.7,3.61,0,True,3.5,88.6,uploaded
223,2025-12-21,10:37,Bangalore,8,3,0,5,355.3,89.2,65.1,3.15,5,False,1.5,71.4,fridge_cam
224,2025-03-15,22:39,Pune,5,5,0,0,1515.1,20.5,44.6,1.42,0,True,4.9,76.6,webcam
225,2025-09-09,16:50,Hyderabad,10,10,0,0,741.5,91.3,40.3,1.4,0,True,3.9,74.3,uploaded
226,2025-08-22,11:01,Kolkata,8,8,0,0,300.4,80.2,21.7,2.1,0,True,5.0,72.4,phone_camera
227,2025-11-05,10:21,Delhi,8,7,1,0,1990.0,109.5,77.0,3.56,0,True,5.9,74.2,uploaded
228,2025-01-04,16:44,Pune,12,11,0,1,1211.8,24.0,35.8,3.5,1,True,3.1,77.6,fridge_cam
229,2025-01-05,17:07,Hyderabad,10,10,0,0,1446.7,53.2,68.8,3.66,0,False,6.5,56.8,fridge_cam
230,2025-05-18,21:31,Delhi,10,7,1,2,1024.5,36.7,87.3,0.69,2,True,3.3,59.6,webcam
231,2025-01-02,19:15,Delhi,12,1,10,1,1353.7,43.8,77.8,0.78,0,False,7.2,59.7,phone_camera
232,2025-06-25,21:56,Delhi,5,1,0,4,1022.0,33.6,78.3,2.01,4,True,7.5,84.7,uploaded
233,2025-12-12,17:08,Delhi,8,7,1,0,1116.1,71.3,90.6,3.57,0,True,6.1,69.9,uploaded
234,2025-11-13,15:55,Hyderabad,7,7,0,0,1051.4,34.7,23.8,1.12,0,False,3.8,64.3,phone_camera
235,2025-10-17,17:08,Hyderabad,6,2,3,1,677.9,78.9,58.2,1.51,0,False,6.7,79.1,fridge_cam
236,2025-11-24,18:13,Kolkata,8,0,5,3,552.5,14.4,65.3,1.67,0,True,4.7,75.7,webcam
237,2025-08-28,17:41,Hyderabad,6,4,2,0,826.9,72.0,32.3,2.51,0,True,2.7,87.6,phone_camera
238,2025-11-20,20:54,Bangalore,7,1,4,2,1493.8,18.9,20.4,0.88,2,False,4.1,82.4,fridge_cam
239,2025-05-18,06:55,Hyderabad,6,3,0,3,1135.6,76.4,52.9,3.98,1,False,5.0,64.5,fridge_cam
240,2025-08-13,22:34,Hyderabad,12,3,4,5,582.0,65.6,26.1,2.71,0,False,6.6,68.4,fridge_cam
241,2025-09-10,12:05,Kolkata,11,10,0,1,1313.0,79.8,32.2,0.74,1,True,5.5,56.0,fridge_cam
242,2025-03-14,06:23,Delhi,6,5,0,1,1454.4,63.9,24.7,3.67,1,False,5.3,73.8,uploaded
243,2025-06-19,09:40,Mumbai,9,9,0,0,948.4,20.0,22.6,2.31,0,True,1.8,73.2,phone_camera
244,2025-03-24,13:48,Pune,8,4,0,4,1980.3,46.1,73.8,1.21,2,True,7.8,61.3,fridge_cam
245,2025-02-25,18:11,Kolkata,8,7,0,1,1459.0,39.7,35.6,0.86,1,True,4.6,69.4,phone_camera
246,2025-04-04,20:16,Pune,10,0,2,8,1825.0,13.7,59.3,0.76,6,True,6.5,84.9,uploaded
247,2025-05-07,12:17,Pune,6,6,0,0,947.2,30.0,95.0,3.6,0,True,2.7,67.8,fridge_cam
248,2025-10-26,21:02,Kolkata,4,3,0,1,507.9,26.6,47.0,3.03,0,False,5.7,88.5,phone_camera
249,2025-03-21,12:42,Bangalore,8,1,7,0,1861.4,50.2,39.7,3.11,0,False,2.2,56.8,phone_camera
250,2025-11-16,10:56,Mumbai,6,2,2,2,661.6,108.1,89.6,3.76,0,True,6.3,86.3,webcam
251,2025-01-09,17:41,Hyderabad,6,4,0,2,1842.9,24.9,47.3,2.72,0,False,1.4,72.2,fridge_cam
252,2025-04-11,17:22,Bangalore,9,8,0,1,631.8,50.8,61.6,2.34,0,False,7.2,76.4,uploaded
253,2025-01-28,17:45,Delhi,7,6,0,1,1079.0,115.5,81.9,3.44,0,False,5.4,80.7,phone_camera
254,2025-10-22,15:00,Delhi,9,6,0,3,653.4,107.3,47.8,0.86,2,True,3.3,78.8,uploaded
255,2025-11-13,16:34,Bangalore,8,5,0,3,1761.5,64.7,79.2,2.99,1,True,2.4,65.1,webcam
256,2025-01-13,13:44,Chennai,7,3,0,4,1233.5,105.4,82.0,3.48,3,True,6.2,63.6,phone_camera
257,2025-05-23,10:53,Chennai,8,1,1,6,1956.6,26.9,49.8,0.97,1,True,2.1,69.4,webcam
258,2025-11-10,16:19,Mumbai,7,0,2,5,462.2,91.2,31.7,1.51,0,True,2.6,59.6,webcam
259,2025-04-05,20:33,Hyderabad,3,0,0,3,508.3,82.5,32.1,2.82,2,True,5.5,84.3,webcam
260,2025-03-20,16:24,Chennai,6,2,1,3,1345.2,63.3,50.8,2.56,2,False,6.1,83.0,fridge_cam
261,2025-10-12,12:24,Chennai,3,3,0,0,1829.2,10.4,34.2,2.75,0,True,3.7,86.4,phone_camera
262,2025-08-07,09:46,Delhi,9,0,2,7,961.5,102.3,32.3,0.74,3,False,2.3,60.1,fridge_cam
263,2025-10-16,20:55,Bangalore,12,10,2,0,551.9,89.9,33.7,1.55,0,True,3.0,60.8,phone_camera
264,2025-09-28,13:12,Hyderabad,5,1,1,3,1497.3,19.1,57.5,3.75,1,True,2.5,76.0,webcam
265,2025-11-01,15:58,Kolkata,9,2,7,0,1732.7,106.5,71.6,4.0,0,True,2.2,66.8,phone_camera
266,2025-05-26,17:24,Bangalore,5,4,0,1,1415.6,67.5,81.8,2.49,0,False,1.2,69.5,phone_camera
267,2025-04-21,20:17,Chennai,12,11,0,1,834.3,31.6,45.7,3.37,0,True,6.0,70.6,fridge_cam
268,2025-10-01,16:15,Kolkata,12,1,11,0,258.1,80.3,40.1,2.46,0,False,1.4,79.5,phone_camera
269,2025-04-06,12:00,Chennai,8,7,0,1,1067.7,71.6,85.5,0.75,1,False,4.5,65.4,uploaded
270,2025-03-24,09:17,Hyderabad,7,7,0,0,649.3,50.3,68.5,3.54,0,False,5.0,78.3,phone_camera
271,2025-12-06,16:52,Mumbai,10,10,0,0,1419.5,50.6,80.1,2.84,0,True,6.6,81.1,webcam
272,2025-03-21,15:04,Mumbai,8,5,3,0,961.1,54.9,51.6,2.76,0,False,7.6,80.9,uploaded
273,2025-04-07,19:52,Delhi,7,7,0,0,506.9,41.8,77.4,3.16,0,True,4.0,64.5,phone_camera
274,2025-02-10,13:19,Kolkata,5,3,2,0,305.6,83.2,87.1,3.18,0,False,1.5,60.2,fridge_cam
275,2025-01-20,08:21,Pune,6,6,0,0,1718.0,55.2,38.6,3.69,0,True,6.1,88.2,phone_camera
276,2025-12-28,18:17,Hyderabad,5,2,1,2,999.6,58.2,54.8,2.02,2,False,3.0,60.7,uploaded
277,2025-11-24,06:29,Hyderabad,6,0,3,3,342.8,14.4,25.2,0.63,1,False,8.0,88.9,webcam
278,2025-11-10,10:06,Chennai,8,6,2,0,1530.0,63.1,73.7,2.79,0,False,2.8,57.4,webcam
279,2025-12-07,08:46,Kolkata,3,3,0,0,1650.1,110.9,33.0,0.61,0,True,6.0,69.5,webcam
280,2025-02-02,20:02,Pune,7,1,1,5,1725.3,85.4,35.5,0.6,2,False,6.5,62.6,fridge_cam
281,2025-09-11,07:24,Bangalore,11,8,3,0,227.8,57.4,92.5,1.75,0,False,1.8,73.3,fridge_cam
282,2025-01-19,17:07,Delhi,4,2,1,1,1494.9,112.4,55.6,2.9,0,False,6.4,73.9,webcam
283,2025-02-03,19:11,Kolkata,4,2,0,2,1504.8,103.1,39.2,3.13,2,True,2.8,56.3,webcam
284,2025-11-09,21:11,Delhi,9,5,0,4,826.0,23.4,72.4,2.24,3,True,2.3,55.2,phone_camera
285,2025-11-10,16:52,Pune,8,0,8,0,1545.7,43.1,21.5,2.31,0,False,5.7,59.5,phone_camera
286,2025-02-22,06:59,Hyderabad,6,3,0,3,1523.7,77.4,37.8,0.76,0,False,6.4,55.9,webcam
287,2025-12-04,10:42,Pune,5,5,0,0,1721.6,80.7,58.7,2.07,0,True,3.3,75.7,fridge_cam
288,2025-05-21,12:19,Pune,12,2,5,5,795.4,14.8,50.4,1.41,1,False,2.7,87.8,uploaded
289,2025-07-09,08:56,Chennai,12,6,6,0,267.5,17.7,77.4,2.48,0,False,2.0,64.5,webcam
290,2025-08-20,22:14,Pune,9,7,1,1,893.7,60.5,25.0,2.23,0,False,7.7,72.6,phone_camera
291,2025-04-24,09:22,Bangalore,8,1,3,4,1237.4,16.0,33.5,1.37,3,False,1.6,79.9,phone_camera
292,2025-03-19,16:46,Chennai,3,0,3,0,1422.6,51.9,83.2,1.9,0,False,6.4,89.2,webcam
293,2025-11-08,06:47,Hyderabad,11,4,0,7,525.0,82.1,91.0,2.17,7,True,6.3,55.7,uploaded
294,2025-04-27,17:02,Bangalore,6,6,0,0,903.9,54.5,94.8,2.0,0,False,1.1,77.6,webcam
295,2025-09-07,07:26,Pune,8,0,0,8,1319.4,49.7,71.9,2.57,8,True,3.5,89.2,fridge_cam
296,2025-02-19,15:49,Chennai,9,4,2,3,1719.6,38.7,51.3,1.87,2,True,5.9,75.9,webcam
297,2025-10-04,22:07,Pune,10,6,0,4,1816.9,44.2,85.8,1.24,3,False,5.3,63.3,webcam
298,2025-10-27,08:07,Kolkata,10,7,2,1,1060.8,58.3,47.9,3.89,0,False,2.3,72.3,phone_camera
299,2025-06-21,10:57,Mumbai,4,2,1,1,1317.4,15.8,60.4,3.38,1,True,7.4,88.1,webcam
300,2025-05-18,19:28,Kolkata,6,3,3,0,848.1,53.5,91.4,3.49,0,True,7.2,63.7,uploaded
301,2025-03-16,06:33,Chennai,7,3,4,0,507.4,60.4,23.4,3.39,0,True,4.4,58.1,webcam
302,2025-11-05,06:32,Mumbai,4,0,1,3,1724.7,38.3,27.3,3.19,0,True,5.0,67.2,fridge_cam
303,2025-02-19,06:31,Bangalore,4,3,1,0,669.3,39.2,64.9,1.48,0,False,6.0,70.2,phone_camera
304,2025-08-23,20:08,Bangalore,5,5,0,0,388.4,47.5,78.5,3.27,0,True,6.1,55.7,phone_camera
305,2025-07-12,16:37,Mumbai,11,10,1,0,1825.1,87.8,64.1,1.84,0,False,7.1,76.9,phone_camera
306,2025-05-12,12:56,Hyderabad,6,5,1,0,1934.1,68.5,33.2,2.39,0,False,1.6,77.4,fridge_cam
307,2025-11-22,20:57,Mumbai,7,3,1,3,879.9,80.9,22.8,3.89,0,False,4.1,62.8,uploaded
308,2025-07-25,12:06,Hyderabad,12,4,7,1,1487.6,81.9,33.5,2.5,0,True,3.0,75.8,uploaded
309,2025-04-10,18:46,Pune,11,5,1,5,341.2,17.6,93.2,3.86,0,False,4.4,80.7,uploaded
310,2025-07-14,16:32,Hyderabad,3,0,0,3,1002.4,84.5,72.9,0.95,2,False,3.5,59.6,phone_camera
311,2025-12-21,07:40,Pune,11,5,2,4,741.0,42.4,45.3,2.91,4,False,2.4,85.9,phone_camera
312,2025-10-25,06:33,Chennai,7,6,1,0,1998.1,42.4,59.8,3.99,0,False,6.6,89.6,phone_camera
313,2025-02-12,12:01,Bangalore,11,11,0,0,230.0,108.1,79.8,0.87,0,False,5.9,79.4,uploaded
314,2025-01-17,13:58,Mumbai,3,0,2,1,1873.8,40.5,43.9,1.13,0,False,3.4,81.4,phone_camera
315,2025-09-17,09:19,Pune,6,6,0,0,1084.6,109.7,43.1,3.59,0,False,6.6,65.8,phone_camera
316,2025-06-27,07:41,Pune,3,1,2,0,1644.6,58.8,52.1,2.06,0,False,1.0,82.2,phone_camera
317,2025-12-02,13:25,Kolkata,8,7,1,0,1014.2,33.9,49.2,1.44,0,False,3.0,89.8,webcam
318,2025-10-11,19:26,Pune,9,3,1,5,315.9,40.3,86.1,3.28,5,True,7.7,64.3,phone_camera
319,2025-06-03,20:33,Mumbai,9,4,4,1,1451.7,84.9,75.8,2.16,0,False,1.5,85.5,uploaded
320,2025-11-09,08:38,Bangalore,3,0,3,0,751.8,108.8,24.5,3.39,0,False,3.9,72.9,phone_camera
321,2025-08-17,13:40,Kolkata,8,6,0,2,1935.6,62.1,55.9,1.65,0,True,2.6,87.9,uploaded
322,2025-02-07,20:17,Pune,4,2,1,1,1780.5,95.8,59.9,3.24,1,False,6.6,77.6,uploaded
323,2025-04-22,18:30,Delhi,8,2,4,2,899.3,60.0,77.1,1.69,1,True,2.6,65.7,phone_camera
324,2025-10-12,16:15,Bangalore,12,7,2,3,1382.1,79.1,32.7,2.9,2,False,1.2,64.0,fridge_cam
325,2025-09-23,12:39,Pune,10,6,2,2,1961.2,87.9,92.5,0.74,2,False,3.7,79.2,phone_camera
326,2025-04-17,16:57,Pune,10,0,4,6,464.1,105.8,53.8,3.48,2,True,2.9,89.0,fridge_cam
327,2025-10-20,20:57,Pune,6,0,1,5,632.1,45.0,40.3,3.47,2,True,2.1,86.4,fridge_cam
328,2025-12-14,22:33,Bangalore,11,0,4,7,1464.7,107.9,66.5,3.85,0,False,3.8,86.1,fridge_cam
329,2025-05-15,20:06,Chennai,5,3,0,2,831.7,70.5,34.5,3.24,2,True,3.4,69.2,uploaded
330,2025-08-07,18:59,Bangalore,5,0,5,0,1720.5,35.8,59.6,2.23,0,False,1.1,77.4,phone_camera
331,2025-07-14,19:55,Kolkata,4,4,0,0,1493.0,56.7,43.3,2.86,0,False,4.4,87.3,phone_camera
332,2025-03-10,20:36,Pune,4,4,0,0,1334.0,23.9,57.1,2.78,0,False,1.3,79.0,webcam
333,2025-11-09,22:42,Hyderabad,9,7,0,2,846.8,77.1,45.0,2.38,2,True,2.3,66.0,phone_camera
334,2025-01-26,12:18,Kolkata,12,8,0,4,326.3,95.5,37.9,1.69,1,False,4.3,85.5,webcam
335,2025-09-06,11:04,Hyderabad,4,2,1,1,403.9,72.2,26.3,0.82,0,False,6.8,70.2,uploaded
336,2025-02-07,09:50,Kolkata,9,9,0,0,904.2,105.0,43.5,2.44,0,False,7.2,60.6,fridge_cam
337,2025-04-08,11:52,Pune,3,1,1,1,359.4,21.0,45.3,1.55,1,False,3.3,85.0,webcam
338,2025-08-16,07:14,Chennai,7,5,2,0,1465.2,62.8,47.0,2.37,0,False,4.9,61.5,webcam
339,2025-05-12,18:51,Kolkata,7,3,2,2,547.4,53.6,55.3,2.29,2,True,4.1,70.2,uploaded
340,2025-10-17,09:01,Pune,7,4,2,1,926.8,115.0,76.4,3.24,1,True,5.0,77.2,uploaded
341,2025-10-10,10:39,Hyderabad,3,2,0,1,1754.8,93.2,26.7,3.4,1,False,2.8,62.4,fridge_cam
342,2025-09-06,07:36,Hyderabad,3,3,0,0,1528.2,65.3,30.1,0.92,0,True,2.5,60.3,phone_camera
343,2025-02-12,06:49,Pune,12,12,0,0,1911.1,84.5,47.6,1.72,0,False,7.9,57.8,webcam
344,2025-04-02,15:46,Kolkata,9,8,0,1,255.4,105.1,44.5,3.94,1,False,4.6,57.8,phone_camera
345,2025-04-14,06:58,Delhi,4,2,0,2,1088.5,31.6,27.7,3.59,0,False,2.9,66.6,phone_camera
346,2025-08-20,09:38,Bangalore,12,1,10,1,1716.4,119.2,66.6,2.8,0,True,3.7,57.3,uploaded
347,2025-06-19,15:34,Pune,8,2,0,6,567.2,53.8,87.6,3.97,0,False,6.8,55.5,webcam
348,2025-07-01,18:18,Mumbai,8,3,5,0,1295.2,50.0,83.3,1.18,0,False,2.5,57.1,uploaded
349,2025-04-11,12:51,Pune,3,0,2,1,1972.0,97.0,46.9,1.13,1,False,6.2,87.4,webcam
350,2025-05-14,14:35,Pune,7,7,0,0,794.8,49.2,94.3,2.89,0,True,6.0,56.1,fridge_cam
351,2025-02-03,12:23,Mumbai,10,10,0,0,1220.3,78.9,37.6,2.75,0,False,6.7,69.0,uploaded
352,2025-02-17,16:43,Hyderabad,3,2,0,1,1730.9,51.7,85.6,0.65,0,False,2.0,55.5,phone_camera
353,2025-08-17,12:38,Pune,8,8,0,0,1674.0,69.9,34.4,0.58,0,False,2.4,57.9,webcam
354,2025-10-21,15:33,Delhi,8,8,0,0,569.5,16.8,38.9,2.11,0,True,2.8,55.8,fridge_cam
355,2025-06-02,08:35,Chennai,4,2,0,2,637.0,102.9,49.0,2.23,0,True,1.3,64.7,fridge_cam
356,2025-12-05,12:42,Delhi,7,1,5,1,1111.4,21.4,85.6,2.54,1,True,3.2,85.9,uploaded
357,2025-07-03,14:17,Chennai,5,2,2,1,1886.2,82.9,73.7,2.92,1,True,1.4,84.4,phone_camera
358,2025-03-19,14:06,Bangalore,5,0,2,3,1651.4,22.1,27.2,3.48,1,True,2.8,79.6,uploaded
359,2025-07-27,08:08,Chennai,8,2,5,1,898.4,96.7,94.7,2.47,0,True,1.0,57.2,phone_camera
360,2025-02-14,20:37,Kolkata,6,5,0,1,886.8,118.0,66.9,1.87,1,True,2.3,74.2,phone_camera
361,2025-02-10,13:19,Delhi,9,8,1,0,907.5,28.7,80.1,0.58,0,False,5.6,77.5,fridge_cam
362,2025-12-19,06:21,Pune,6,4,2,0,1304.7,10.8,77.2,3.72,0,True,4.7,57.4,phone_camera
363,2025-08-16,11:05,Chennai,9,2,5,2,1460.3,64.0,55.0,3.84,0,True,6.8,68.0,webcam
364,2025-06-11,16:05,Hyderabad,8,7,0,1,761.6,49.3,93.1,1.79,1,False,2.7,66.1,phone_camera
365,2025-03-18,15:09,Delhi,4,3,0,1,1598.4,62.7,68.2,1.1,0,True,1.2,60.4,webcam
366,2025-06-25,09:41,Pune,10,2,6,2,639.1,38.9,22.5,2.69,1,True,7.9,63.5,fridge_cam
367,2025-12-12,13:03,Mumbai,8,6,0,2,308.8,25.2,83.7,1.27,0,True,1.8,57.3,uploaded
368,2025-02-10,13:29,Pune,7,4,1,2,1060.6,84.6,70.8,3.88,1,False,5.6,76.6,phone_camera
369,2025-11-05,19:03,Pune,10,7,0,3,750.4,61.3,66.7,2.78,3,True,3.5,78.5,uploaded
370,2025-04-12,06:54,Bangalore,7,1,0,6,1443.8,96.5,66.4,1.83,1,False,5.9,61.7,uploaded
371,2025-08-04,09:39,Kolkata,11,0,0,11,708.8,44.6,69.4,3.23,10,True,1.9,58.3,phone_camera
372,2025-03-05,17:59,Hyderabad,10,0,4,6,1505.0,35.9,73.8,0.98,6,True,6.7,63.1,webcam
373,2025-07-24,21:19,Pune,9,1,6,2,753.3,106.5,63.7,0.64,0,True,5.2,73.4,fridge_cam
374,2025-06-16,20:08,Mumbai,4,0,0,4,1249.2,110.5,57.1,1.63,2,False,1.1,69.1,phone_camera
375,2025-12-27,15:21,Kolkata,6,3,1,2,1117.1,89.3,41.4,1.82,2,True,4.1,83.4,uploaded
376,2025-01-17,06:22,Pune,11,7,2,2,1448.7,79.0,25.1,3.91,1,False,5.4,64.8,webcam
377,2025-05-25,22:38,Delhi,5,5,0,0,506.0,43.8,37.3,2.63,0,False,3.7,88.5,fridge_cam
378,2025-02-04,22:04,Bangalore,7,6,1,0,322.1,28.6,56.7,2.04,0,False,6.8,71.2,uploaded
379,2025-05-12,10:29,Mumbai,10,8,2,0,1444.9,36.7,67.6,0.86,0,False,3.9,66.4,fridge_cam
380,2025-05-21,17:21,Pune,4,1,2,1,988.7,60.2,80.5,3.03,0,False,7.3,77.5,fridge_cam
381,2025-01-01,08:31,Mumbai,8,5,1,2,387.0,112.1,27.8,2.15,1,True,1.8,61.4,fridge_cam
382,2025-03-09,07:23,Delhi,9,7,2,0,815.5,81.0,67.0,1.64,0,False,4.3,77.2,fridge_cam
383,2025-11-13,15:58,Mumbai,9,5,1,3,1566.7,92.4,36.2,1.58,1,True,1.2,59.5,fridge_cam
384,2025-05-19,18:02,Bangalore,4,0,3,1,491.5,47.5,73.6,3.84,0,False,4.6,69.7,uploaded
385,2025-03-12,07:03,Hyderabad,10,3,7,0,629.5,27.7,28.8,2.51,0,True,6.5,57.1,webcam
386,2025-07-19,18:58,Pune,9,5,0,4,404.3,89.3,93.6,3.7,4,False,2.9,67.3,phone_camera
387,2025-05-03,09:57,Pune,9,4,4,1,249.1,13.7,86.6,1.1,1,False,3.8,56.2,webcam
388,2025-03-04,17:07,Pune,9,2,3,4,1933.8,61.3,29.3,1.82,4,True,7.2,69.3,fridge_cam
389,2025-04-03,14:43,Kolkata,11,6,2,3,581.2,108.9,33.5,2.23,0,False,2.5,82.7,webcam
390,2025-03-05,20:16,Hyderabad,10,7,1,2,1876.1,75.7,44.9,2.27,0,False,4.4,65.3,uploaded
391,2025-07-23,21:42,Kolkata,3,0,3,0,1153.6,115.1,87.9,3.17,0,True,1.7,83.2,webcam
392,2025-10-05,12:33,Mumbai,8,2,5,1,855.4,116.2,31.1,2.13,1,True,2.9,82.8,webcam
393,2025-03-09,14:35,Pune,9,3,5,1,1297.0,70.4,50.7,1.48,0,True,3.9,68.9,fridge_cam
394,2025-08-19,13:12,Pune,8,4,1,3,1258.4,61.6,29.9,3.61,2,False,1.5,68.5,webcam
395,2025-02-02,10:39,Kolkata,7,7,0,0,969.1,93.4,68.7,1.78,0,True,5.1,56.6,fridge_cam
396,2025-01-06,19:29,Chennai,6,3,3,0,794.3,32.6,51.0,3.39,0,True,7.6,83.6,fridge_cam
397,2025-07-01,15:34,Kolkata,9,4,2,3,1815.0,49.3,26.5,2.55,0,False,3.2,68.8,phone_camera
398,2025-08-20,08:48,Chennai,5,1,3,1,338.5,64.1,45.3,1.13,0,False,2.2,88.9,webcam
399,2025-03-25,10:08,Kolkata,9,9,0,0,1292.5,111.6,38.5,1.4,0,False,6.5,71.7,uploaded
400,2025-06-22,21:10,Mumbai,4,3,1,0,1405.8,104.9,89.7,3.44,0,False,4.0,72.5,phone_camera
401,2025-01-17,12:46,Kolkata,6,5,1,0,1644.8,61.9,36.4,3.48,0,False,6.8,75.2,uploaded
402,2025-07-21,22:01,Hyderabad,9,8,1,0,1900.2,62.9,47.7,1.68,0,True,1.3,83.4,uploaded
403,2025-12-14,06:17,Bangalore,8,0,3,5,1772.7,78.1,62.0,1.32,1,False,6.6,64.3,webcam
404,2025-05-15,11:31,Kolkata,6,6,0,0,1223.7,73.7,67.3,2.9,0,False,2.8,72.5,uploaded
405,2025-12-24,13:25,Pune,5,4,0,1,1233.4,116.3,36.1,3.13,0,False,2.2,87.1,webcam
406,2025-11-22,19:58,Chennai,12,5,1,6,1396.6,12.8,80.0,3.37,0,True,2.8,76.9,phone_camera
407,2025-03-09,15:21,Kolkata,9,2,7,0,428.6,63.2,65.2,0.98,0,True,6.6,79.1,uploaded
408,2025-02-26,16:22,Mumbai,5,1,1,3,462.8,15.5,27.2,2.66,1,True,5.0,86.8,fridge_cam
409,2025-12-22,18:21,Kolkata,8,1,1,6,1464.2,95.9,25.1,0.51,3,True,6.4,65.4,fridge_cam
410,2025-10-14,19:52,Pune,4,1,1,2,208.4,90.9,45.6,2.13,0,False,3.8,65.7,uploaded
411,2025-02-07,10:42,Chennai,4,0,4,0,1016.3,31.3,63.0,2.54,0,False,7.8,66.5,fridge_cam
412,2025-07-19,22:21,Kolkata,3,3,0,0,314.0,51.6,86.2,3.55,0,False,5.3,87.9,webcam
413,2025-07-19,20:25,Chennai,12,6,6,0,1533.2,25.2,48.4,3.94,0,True,6.9,63.2,webcam
414,2025-03-10,09:54,Bangalore,7,3,2,2,479.6,31.7,57.3,2.14,1,False,2.0,60.1,phone_camera
415,2025-02-26,21:12,Hyderabad,7,2,5,0,366.8,90.6,80.2,2.52,0,False,4.1,58.6,fridge_cam
416,2025-10-12,13:46,Hyderabad,4,0,1,3,788.5,65.7,35.4,1.09,0,True,3.1,62.3,fridge_cam
417,2025-11-14,12:43,Pune,4,1,2,1,730.6,34.8,72.3,3.87,0,False,2.6,83.2,fridge_cam
418,2025-12-12,14:55,Mumbai,7,7,0,0,637.6,80.3,57.9,3.65,0,False,1.8,83.0,phone_camera
419,2025-09-05,14:21,Kolkata,5,0,3,2,1191.9,14.6,89.7,3.76,1,False,1.8,74.5,webcam
420,2025-09-03,19:47,Mumbai,12,10,2,0,864.5,42.3,65.4,0.87,0,False,2.7,69.6,webcam
421,2025-07-04,13:26,Bangalore,6,1,4,1,1446.2,103.4,26.1,0.85,0,False,2.9,62.9,webcam
422,2025-07-16,08:08,Bangalore,10,10,0,0,1461.4,63.2,51.3,3.14,0,True,6.6,61.1,uploaded
423,2025-01-22,18:39,Kolkata,11,9,1,1,1011.9,118.6,52.0,3.95,0,False,1.6,70.1,phone_camera
424,2025-11-13,20:35,Pune,4,4,0,0,1014.1,91.8,90.2,1.85,0,False,7.8,55.5,webcam
425,2025-06-12,13:56,Chennai,12,2,10,0,1015.5,46.8,79.9,1.41,0,False,1.8,79.7,fridge_cam
426,2025-08-05,18:30,Delhi,3,1,2,0,706.4,58.4,81.4,2.71,0,True,2.8,67.5,webcam
427,2025-04-14,07:13,Hyderabad,12,5,6,1,794.2,45.4,58.0,2.33,0,True,7.6,60.2,uploaded
428,2025-05-07,17:34,Pune,10,8,0,2,1429.6,50.1,63.4,3.55,1,False,3.9,72.9,uploaded
429,2025-06-23,14:14,Bangalore,12,2,2,8,1446.2,31.6,50.4,2.26,1,True,4.2,59.1,uploaded
430,2025-06-20,16:22,Mumbai,8,3,5,0,1289.9,111.8,80.5,1.99,0,True,5.2,73.8,phone_camera
431,2025-09-11,16:44,Pune,3,3,0,0,698.1,59.1,35.3,3.41,0,True,1.6,86.4,webcam
432,2025-06-09,15:46,Kolkata,7,2,0,5,1961.8,13.6,50.1,3.45,1,False,7.4,74.3,fridge_cam
433,2025-05-01,17:10,Pune,10,4,0,6,1405.5,63.3,71.8,3.97,6,True,2.4,63.8,uploaded
434,2025-01-15,20:36,Kolkata,9,6,1,2,1293.8,45.3,70.0,0.5,0,False,5.9,67.4,webcam
435,2025-08-06,13:17,Kolkata,12,4,0,8,934.7,49.9,23.1,0.91,1,False,1.3,60.4,phone_camera
436,2025-03-27,16:05,Kolkata,5,0,4,1,1460.0,78.0,20.3,2.55,1,True,1.4,80.8,fridge_cam
437,2025-08-06,07:45,Delhi,10,4,5,1,1998.6,45.4,38.0,2.26,0,False,5.3,87.0,fridge_cam
438,2025-07-18,15:18,Mumbai,10,4,2,4,1684.4,35.5,35.8,3.8,4,False,7.2,85.3,fridge_cam
439,2025-04-23,15:35,Mumbai,4,4,0,0,1625.6,71.5,42.1,1.23,0,False,6.6,69.2,fridge_cam
440,2025-06-21,13:55,Delhi,7,0,3,4,1869.1,23.1,56.4,2.19,1,True,3.0,79.1,phone_camera
441,2025-09-24,10:53,Chennai,3,3,0,0,1326.0,68.4,26.9,1.84,0,False,5.7,74.9,phone_camera
442,2025-08-21,22:07,Pune,4,4,0,0,352.9,98.6,22.0,3.31,0,True,7.5,63.2,phone_camera
443,2025-01-25,10:51,Kolkata,9,9,0,0,1406.2,49.1,65.6,1.61,0,False,3.2,78.1,webcam
444,2025-04-12,15:58,Kolkata,12,10,2,0,1012.4,30.3,49.3,2.57,0,True,3.1,55.6,phone_camera
445,2025-05-20,10:03,Mumbai,6,4,2,0,326.6,79.7,66.7,1.41,0,True,5.2,55.8,phone_camera
446,2025-08-05,22:57,Bangalore,12,10,1,1,1308.3,77.6,37.7,3.83,0,True,3.7,80.1,phone_camera
447,2025-03-15,18:20,Kolkata,6,1,4,1,589.5,93.7,60.5,0.68,0,False,5.0,68.7,phone_camera
448,2025-09-12,16:47,Mumbai,6,4,1,1,249.0,10.2,89.2,3.94,1,False,3.1,65.8,fridge_cam
449,2025-01-15,14:03,Delhi,10,9,0,1,388.7,90.1,71.9,3.49,1,True,7.8,78.7,phone_camera
450,2025-06-20,07:08,Delhi,4,3,1,0,1599.3,92.3,67.0,3.78,0,True,1.2,89.5,phone_camera
451,2025-12-02,13:40,Bangalore,3,2,0,1,436.2,93.8,24.1,1.03,1,True,5.2,83.6,uploaded
452,2025-03-14,12:29,Chennai,8,5,0,3,1358.5,64.3,65.5,3.2,1,True,5.9,82.9,phone_camera
453,2025-07-14,19:53,Hyderabad,8,1,7,0,1321.4,29.2,88.0,2.21,0,True,1.7,62.3,fridge_cam
454,2025-11-20,17:25,Delhi,8,5,1,2,916.0,17.0,91.6,2.59,2,False,6.9,56.2,fridge_cam
455,2025-05-16,17:58,Mumbai,7,1,6,0,1569.8,57.0,34.7,2.08,0,False,7.7,87.7,fridge_cam
456,2025-08-14,19:37,Delhi,11,6,2,3,1817.6,45.6,57.2,3.03,2,True,4.9,85.2,webcam
457,2025-12-25,19:59,Delhi,9,7,2,0,1755.8,17.3,48.1,2.74,0,True,7.1,84.5,uploaded
458,2025-05-28,11:27,Delhi,11,7,0,4,880.2,77.1,66.3,0.66,4,True,6.5,65.5,uploaded
459,2025-04-17,11:32,Delhi,9,0,6,3,257.0,42.5,51.3,3.17,2,True,7.0,77.0,phone_camera
460,2025-06-06,09:11,Kolkata,3,1,0,2,1595.7,34.7,20.9,2.53,2,False,2.9,83.7,phone_camera
461,2025-06-24,09:56,Kolkata,10,6,1,3,728.6,61.0,64.3,2.15,0,False,5.7,59.6,fridge_cam
462,2025-10-08,16:14,Pune,7,5,2,0,1981.9,35.0,57.5,2.81,0,False,5.1,62.8,fridge_cam
463,2025-03-05,21:41,Pune,12,11,1,0,779.0,24.3,20.5,2.93,0,True,4.5,65.6,uploaded
464,2025-02-03,15:57,Hyderabad,6,6,0,0,961.9,33.1,83.8,2.48,0,True,3.2,55.1,fridge_cam
465,2025-11-28,09:39,Pune,12,12,0,0,1014.1,81.4,40.2,0.6,0,False,3.6,73.2,fridge_cam
466,2025-12-09,11:05,Chennai,7,5,2,0,1489.0,27.9,70.7,3.67,0,True,4.8,87.4,uploaded
467,2025-01-27,20:35,Bangalore,8,4,4,0,513.3,46.2,73.0,1.59,0,True,5.2,75.1,uploaded
468,2025-01-27,20:53,Kolkata,8,7,1,0,1242.7,51.7,87.7,3.95,0,True,7.4,69.8,fridge_cam
469,2025-02-06,14:50,Kolkata,4,1,2,1,1201.9,51.8,65.1,3.92,1,False,4.8,60.6,uploaded
470,2025-03-14,09:52,Delhi,3,3,0,0,899.6,84.0,86.8,2.59,0,True,7.0,77.6,uploaded
471,2025-01-06,13:22,Kolkata,9,1,0,8,338.5,25.1,89.2,3.17,4,False,7.9,79.8,uploaded
472,2025-08-07,14:38,Delhi,12,1,5,6,1785.5,71.9,89.5,2.81,1,True,4.3,74.8,fridge_cam
473,2025-04-24,21:56,Pune,12,11,0,1,1151.7,105.8,28.5,2.31,0,True,6.0,63.2,uploaded
474,2025-04-07,09:17,Mumbai,12,5,2,5,499.6,19.0,87.9,0.54,3,True,2.0,72.6,uploaded
475,2025-09-16,07:53,Hyderabad,6,1,5,0,1504.4,31.1,91.1,1.1,0,True,2.3,56.9,fridge_cam
476,2025-06-04,21:32,Kolkata,11,4,3,4,1778.2,71.8,51.2,1.39,2,False,1.8,81.6,fridge_cam
477,2025-10-19,06:00,Pune,5,5,0,0,1607.1,79.5,58.3,1.07,0,True,4.5,79.7,phone_camera
478,2025-08-22,14:13,Delhi,4,1,3,0,262.8,118.6,88.1,3.44,0,True,3.3,83.2,webcam
479,2025-04-12,22:07,Mumbai,10,3,3,4,935.3,28.0,32.2,0.79,2,True,5.3,87.5,uploaded
480,2025-06-10,18:11,Chennai,12,6,4,2,366.3,114.8,20.7,0.69,0,True,4.6,88.1,phone_camera
481,2025-11-13,19:18,Pune,7,0,7,0,1346.1,47.2,81.3,1.86,0,True,6.3,63.6,fridge_cam
482,2025-04-09,14:59,Hyderabad,3,0,0,3,878.6,111.1,93.4,3.59,2,True,5.1,83.7,webcam
483,2025-06-09,14:47,Hyderabad,11,4,4,3,990.5,48.7,55.0,1.01,0,False,4.4,82.5,fridge_cam
484,2025-08-27,17:26,Mumbai,5,5,0,0,1224.2,74.5,90.6,3.35,0,True,7.1,65.5,fridge_cam
485,2025-05-17,08:51,Delhi,9,5,3,1,1530.6,27.6,30.1,3.61,1,False,3.7,85.3,phone_camera
486,2025-02-16,15:09,Chennai,3,2,0,1,627.7,75.6,36.8,2.03,1,False,2.8,62.7,phone_camera
487,2025-03-24,20:47,Chennai,10,7,3,0,1997.5,37.6,31.4,1.4,0,False,7.8,89.6,webcam
488,2025-05-25,09:11,Delhi,6,6,0,0,1054.7,29.8,93.1,3.49,0,True,4.1,87.0,uploaded
489,2025-01-22,07:54,Bangalore,8,3,3,2,625.2,35.8,88.8,2.61,2,False,7.6,62.3,fridge_cam
490,2025-09-11,22:12,Pune,5,0,0,5,1028.1,49.2,89.7,3.62,1,False,7.6,60.6,webcam
491,2025-06-04,07:35,Hyderabad,11,9,1,1,824.0,65.8,72.9,2.52,0,True,7.4,83.0,fridge_cam
492,2025-08-27,13:18,Mumbai,5,4,0,1,1604.1,10.2,39.1,1.2,1,False,2.3,65.8,phone_camera
493,2025-10-15,10:40,Chennai,7,7,0,0,686.7,101.2,85.4,2.86,0,True,3.0,64.7,phone_camera
494,2025-11-24,20:14,Chennai,3,0,0,3,877.1,34.4,42.0,1.3,3,True,3.1,71.8,phone_camera
495,2025-08-04,10:05,Mumbai,12,11,0,1,858.4,78.1,60.5,2.56,0,True,2.0,84.8,phone_camera
496,2025-05-21,17:11,Chennai,10,2,4,4,993.2,72.8,67.1,0.77,1,True,1.6,87.7,uploaded
497,2025-06-04,19:25,Delhi,10,8,2,0,1738.0,16.2,28.0,2.37,0,False,2.9,89.1,phone_camera
498,2025-01-04,10:14,Chennai,10,7,3,0,900.1,47.3,55.4,0.82,0,True,2.5,85.1,fridge_cam
499,2025-10-25,21:41,Mumbai,10,4,1,5,1187.6,104.3,53.8,2.74,0,False,6.6,67.8,webcam
500,2025-01-06,09:11,Hyderabad,9,3,6,0,1648.9,69.0,34.4,1.18,0,True,3.3,59.0,phone_camera
501,2025-01-24,12:48,Pune,12,10,2,0,355.6,27.0,31.5,2.04,0,True,3.7,70.9,fridge_cam
502,2025-11-12,11:55,Mumbai,11,11,0,0,1236.4,45.9,83.7,3.31,0,False,4.5,62.8,webcam
503,2025-05-12,17:57,Hyderabad,9,9,0,0,1913.9,15.9,48.9,1.29,0,True,6.8,62.1,phone_camera
504,2025-08-28,18:47,Kolkata,7,6,1,0,426.2,55.0,72.3,1.86,0,False,5.5,75.6,fridge_cam
505,2025-03-10,11:44,Chennai,8,5,1,2,848.0,96.0,39.6,3.96,1,False,5.2,73.6,uploaded
506,2025-02-20,18:02,Pune,7,3,3,1,1364.3,41.9,76.3,2.29,1,True,1.5,70.0,webcam
507,2025-04-19,17:11,Chennai,8,6,1,1,372.6,91.6,74.8,2.89,1,True,2.8,58.3,webcam
508,2025-10-26,07:45,Hyderabad,7,3,3,1,948.6,70.3,59.8,2.29,1,False,7.2,89.5,phone_camera
509,2025-05-21,20:23,Kolkata,9,4,2,3,1303.3,73.2,77.9,2.99,2,True,3.4,65.2,phone_camera
510,2025-12-25,15:13,Bangalore,12,10,0,2,1154.4,97.7,44.5,2.3,2,False,7.2,73.5,webcam
511,2025-07-26,21:59,Mumbai,10,8,2,0,1573.3,35.6,77.0,0.87,0,False,7.7,73.3,fridge_cam
512,2025-10-08,11:51,Delhi,8,1,1,6,942.9,17.8,73.5,2.47,4,True,4.2,61.0,uploaded
513,2025-12-05,17:55,Hyderabad,4,0,0,4,1353.1,31.0,25.5,3.18,3,False,4.2,67.8,phone_camera
514,2025-02-08,06:04,Delhi,3,1,1,1,761.2,54.8,79.3,0.88,1,True,6.0,84.1,fridge_cam
515,2025-07-16,16:33,Chennai,4,0,1,3,897.7,95.9,36.7,2.98,2,True,1.5,58.2,webcam
516,2025-04-23,21:01,Hyderabad,6,0,6,0,1027.8,68.2,50.9,2.11,0,False,4.3,79.4,uploaded
517,2025-07-26,10:28,Delhi,6,5,0,1,1297.3,63.9,51.0,0.67,0,True,7.8,77.3,uploaded
518,2025-01-20,20:03,Chennai,10,4,0,6,1124.5,24.5,67.2,2.91,3,False,6.2,57.5,webcam
519,2025-09-11,13:51,Bangalore,9,1,0,8,273.8,65.0,82.2,0.85,2,True,1.9,59.1,uploaded
520,2025-06-04,07:07,Kolkata,11,3,0,8,338.0,110.6,61.0,0.74,6,True,6.5,80.4,webcam
521,2025-07-20,22:57,Bangalore,3,3,0,0,1717.6,14.4,93.6,1.49,0,True,1.6,83.1,uploaded
522,2025-09-05,10:23,Chennai,6,6,0,0,1221.4,38.3,30.1,3.89,0,False,1.9,70.6,webcam
523,2025-03-27,16:16,Kolkata,4,3,0,1,742.6,99.6,49.3,1.64,0,False,7.5,60.5,webcam
524,2025-06-27,14:40,Hyderabad,11,10,0,1,290.7,86.5,91.1,2.66,1,True,7.9,61.0,phone_camera
525,2025-04-08,17:11,Mumbai,7,2,3,2,407.7,60.9,44.0,2.26,1,True,6.9,88.7,phone_camera
526,2025-07-03,12:39,Kolkata,3,1,0,2,1347.6,11.6,27.9,2.33,1,False,6.8,82.5,uploaded
527,2025-03-17,21:35,Chennai,7,4,1,2,1098.2,31.5,24.6,3.72,1,False,2.6,79.4,uploaded
528,2025-07-06,18:02,Pune,9,6,3,0,482.0,97.1,65.7,2.02,0,True,7.3,77.3,fridge_cam
529,2025-05-27,16:55,Delhi,10,1,6,3,1977.4,116.7,67.8,3.47,2,False,3.4,71.2,webcam
530,2025-02-12,12:16,Mumbai,6,5,1,0,1038.1,92.1,35.9,3.45,0,True,2.0,82.4,phone_camera
531,2025-06-09,15:08,Bangalore,10,6,3,1,1750.2,94.5,77.8,1.51,1,False,3.4,64.6,webcam
532,2025-12-01,10:41,Chennai,6,5,0,1,1729.6,35.7,51.2,3.15,1,False,7.3,62.0,phone_camera
533,2025-05-26,16:46,Mumbai,6,1,1,4,593.1,52.6,58.6,1.07,1,False,6.7,82.0,fridge_cam
534,2025-01-26,13:53,Pune,7,2,5,0,1306.5,10.1,35.1,3.33,0,False,1.5,76.4,fridge_cam
535,2025-02-10,08:07,Chennai,10,7,0,3,841.0,94.9,28.1,1.83,1,True,1.5,63.5,fridge_cam
536,2025-02-12,20:56,Pune,5,4,0,1,1855.0,47.2,63.3,0.72,0,False,7.2,67.8,fridge_cam
537,2025-02-28,17:04,Chennai,10,9,0,1,1380.0,76.4,82.2,0.72,1,False,2.5,56.2,uploaded
538,2025-01-22,18:21,Bangalore,10,3,2,5,1218.5,26.1,68.2,2.7,4,True,6.8,73.4,uploaded
539,2025-08-14,13:44,Pune,6,1,3,2,380.8,44.0,25.9,0.71,1,True,7.0,72.6,uploaded
540,2025-05-28,11:27,Pune,4,2,0,2,1811.3,24.7,36.6,3.28,2,False,6.1,86.1,fridge_cam
541,2025-04-27,22:55,Pune,6,4,2,0,313.8,64.7,73.2,0.97,0,False,7.1,67.5,fridge_cam
542,2025-09-26,15:31,Delhi,10,4,1,5,440.4,65.9,64.2,3.3,1,False,3.3,76.2,phone_camera
543,2025-06-23,15:01,Pune,5,2,2,1,1372.2,40.8,29.2,0.53,1,False,1.8,81.6,uploaded
544,2025-05-12,12:36,Pune,10,8,1,1,1705.2,13.4,46.0,2.96,1,False,7.5,89.2,uploaded
545,2025-04-19,16:51,Mumbai,12,2,3,7,1867.5,90.4,20.6,3.11,2,False,6.2,88.0,fridge_cam
546,2025-07-23,12:29,Kolkata,5,5,0,0,1680.1,83.5,36.4,1.11,0,True,3.2,73.6,uploaded
547,2025-02-24,09:04,Bangalore,3,0,1,2,831.9,64.0,70.0,1.78,0,False,2.0,65.3,phone_camera
548,2025-06-14,15:19,Mumbai,4,2,0,2,1195.8,107.4,55.7,2.1,0,True,3.3,78.9,phone_camera
549,2025-01-12,14:34,Kolkata,8,8,0,0,1597.0,29.2,52.5,3.03,0,True,5.3,82.5,phone_camera
550,2025-07-03,10:00,Pune,6,6,0,0,1279.0,25.5,61.2,2.81,0,False,2.1,79.3,uploaded
551,2025-04-13,20:50,Mumbai,8,1,5,2,284.9,74.9,84.6,3.12,1,True,6.8,68.1,webcam
552,2025-12-13,22:21,Hyderabad,5,5,0,0,1750.2,42.0,51.5,3.38,0,True,1.7,86.7,webcam
553,2025-12-18,16:19,Chennai,8,6,2,0,506.3,92.3,29.4,2.31,0,True,6.0,81.3,uploaded
554,2025-11-12,09:35,Delhi,6,1,1,4,1760.5,25.9,69.4,2.0,2,False,1.7,79.3,webcam
555,2025-02-21,15:32,Delhi,10,3,7,0,1426.9,114.9,43.1,3.54,0,True,4.2,65.2,fridge_cam
556,2025-05-04,15:57,Bangalore,10,7,3,0,1679.3,92.3,79.4,3.54,0,True,3.8,62.0,phone_camera
557,2025-12-14,12:02,Delhi,8,3,1,4,1022.2,48.9,71.6,3.35,3,True,4.2,57.0,fridge_cam
558,2025-07-14,07:59,Bangalore,3,3,0,0,1236.0,84.1,21.4,3.78,0,False,1.6,56.7,uploaded
559,2025-03-13,14:31,Delhi,8,5,1,2,1758.2,81.3,39.5,1.13,1,True,5.7,84.3,phone_camera
560,2025-05-17,12:20,Hyderabad,12,6,4,2,1617.6,52.7,20.5,3.59,2,True,1.1,73.0,webcam
561,2025-09-04,12:45,Pune,9,3,4,2,1247.1,80.5,55.8,2.48,2,True,4.9,85.0,uploaded
562,2025-07-11,06:06,Kolkata,12,2,1,9,1144.5,18.1,75.3,2.1,0,True,4.6,88.8,uploaded
563,2025-12-05,10:26,Mumbai,10,10,0,0,751.2,96.1,45.0,2.9,0,True,4.6,86.7,uploaded
564,2025-08-16,12:04,Mumbai,9,5,0,4,350.2,77.6,80.3,3.65,4,True,1.8,66.4,uploaded
565,2025-06-20,13:31,Bangalore,9,2,5,2,1386.6,16.9,84.6,3.57,1,False,6.3,69.8,fridge_cam
566,2025-10-04,20:10,Bangalore,4,3,0,1,372.2,46.3,60.1,1.18,0,True,7.1,89.5,phone_camera
567,2025-06-01,12:12,Delhi,7,1,1,5,924.1,88.5,43.3,2.57,5,False,3.3,65.6,fridge_cam
568,2025-12-09,10:07,Hyderabad,9,5,2,2,1725.2,104.1,56.6,2.65,2,True,1.7,59.4,fridge_cam
569,2025-08-09,07:57,Kolkata,8,8,0,0,832.5,34.0,24.9,0.73,0,False,3.6,74.1,uploaded
570,2025-10-14,13:34,Bangalore,8,6,2,0,1620.6,42.2,86.3,0.77,0,True,2.2,81.0,phone_camera
571,2025-07-12,20:52,Mumbai,7,1,0,6,1299.6,89.7,93.1,3.81,3,False,3.6,81.8,webcam
572,2025-01-28,13:57,Hyderabad,9,7,2,0,619.6,117.7,53.0,2.88,0,False,3.2,58.3,fridge_cam
573,2025-02-24,09:33,Mumbai,6,4,1,1,1975.3,16.0,20.9,2.85,1,True,5.4,63.6,phone_camera
574,2025-08-07,10:52,Chennai,10,10,0,0,580.1,83.1,52.8,1.88,0,False,1.7,88.1,fridge_cam
575,2025-08-23,20:33,Hyderabad,10,8,2,0,1121.6,43.5,84.0,2.69,0,False,4.3,75.3,webcam
576,2025-02-15,15:26,Chennai,4,2,2,0,1365.2,77.3,89.8,2.56,0,True,5.5,75.0,fridge_cam
577,2025-11-28,12:08,Kolkata,4,0,4,0,1087.7,66.8,49.8,2.32,0,False,2.0,55.7,phone_camera
578,2025-11-08,07:56,Delhi,9,5,0,4,1848.6,38.8,27.2,3.14,0,False,8.0,68.1,webcam
579,2025-03-27,15:38,Delhi,6,1,2,3,1057.5,15.8,73.4,2.71,3,True,8.0,73.9,phone_camera
580,2025-05-25,16:13,Hyderabad,12,7,0,5,1922.4,69.7,49.9,1.0,4,False,3.9,68.2,webcam
581,2025-11-11,18:48,Chennai,6,2,2,2,1987.4,89.3,94.0,0.92,2,True,7.5,87.1,phone_camera
582,2025-02-06,07:02,Hyderabad,7,5,0,2,1578.7,73.5,23.2,0.67,0,True,3.0,89.2,uploaded
583,2025-12-09,11:56,Mumbai,3,1,1,1,1636.8,89.5,36.3,1.22,0,False,1.4,86.0,uploaded
584,2025-07-06,08:48,Bangalore,4,4,0,0,1610.6,61.6,84.0,2.81,0,True,7.7,77.5,phone_camera
585,2025-08-05,21:57,Delhi,4,0,0,4,1175.6,24.7,73.1,3.63,3,False,7.9,80.6,uploaded
586,2025-02-08,10:17,Pune,12,6,1,5,308.7,105.3,90.0,2.55,0,False,5.9,89.1,fridge_cam
587,2025-07-06,21:05,Delhi,4,4,0,0,831.6,15.7,51.8,3.74,0,False,2.1,82.0,phone_camera
588,2025-12-25,20:29,Chennai,10,8,1,1,1417.0,116.9,29.2,0.73,0,True,4.4,80.2,uploaded
589,2025-01-05,11:41,Bangalore,3,3,0,0,1239.4,56.6,32.1,1.47,0,True,4.1,89.7,fridge_cam
590,2025-01-08,21:32,Pune,6,0,5,1,1558.5,56.2,78.7,1.5,1,False,6.2,58.1,uploaded
591,2025-10-21,22:31,Pune,11,10,1,0,689.1,88.1,72.4,0.53,0,True,3.6,85.1,uploaded
592,2025-11-22,12:30,Delhi,11,7,0,4,869.9,118.7,79.4,2.36,2,False,4.4,79.3,uploaded
593,2025-10-05,14:47,Bangalore,8,3,0,5,718.2,12.0,57.9,1.28,1,True,3.4,71.1,webcam
594,2025-03-14,18:19,Kolkata,7,1,1,5,629.4,97.8,74.8,0.51,2,False,3.6,80.9,uploaded
595,2025-10-05,19:27,Mumbai,6,0,2,4,461.9,82.3,56.8,2.0,1,True,6.6,88.8,webcam
596,2025-01-05,14:20,Hyderabad,10,1,0,9,1590.6,88.8,70.8,2.0,1,False,5.6,63.4,uploaded
597,2025-04-22,13:48,Kolkata,12,7,4,1,1303.1,32.3,57.9,3.04,1,False,4.9,62.4,uploaded
598,2025-03-12,22:07,Bangalore,11,9,2,0,578.7,105.8,52.5,2.38,0,False,2.3,60.0,fridge_cam
599,2025-08-18,21:14,Pune,3,3,0,0,1337.2,24.6,63.5,2.33,0,False,7.5,75.9,webcam
600,2025-03-20,17:03,Hyderabad,6,1,2,3,910.3,26.9,74.0,1.93,3,True,4.7,86.4,uploaded
601,2025-12-15,19:28,Pune,9,7,1,1,1481.6,87.1,56.2,2.36,0,True,3.5,75.2,fridge_cam
602,2025-04-02,17:13,Pune,9,8,0,1,1074.6,14.7,51.8,3.91,0,False,1.8,79.8,phone_camera
603,2025-08-07,18:22,Chennai,5,2,3,0,1150.7,40.1,65.4,2.65,0,False,1.6,59.9,fridge_cam
604,2025-06-16,11:16,Bangalore,3,3,0,0,925.3,32.4,61.3,2.17,0,False,5.6,73.3,webcam
605,2025-09-22,15:53,Mumbai,3,3,0,0,1114.6,88.3,46.6,3.21,0,True,5.1,83.4,uploaded
606,2025-12-09,16:44,Chennai,9,9,0,0,1873.6,17.1,40.0,0.6,0,True,3.4,76.3,fridge_cam
607,2025-06-08,18:53,Delhi,7,3,2,2,1313.5,53.1,73.7,2.21,2,False,4.2,60.2,phone_camera
608,2025-12-22,08:48,Delhi,9,4,3,2,1881.8,36.1,22.6,1.02,0,True,4.2,67.7,webcam
609,2025-08-25,19:44,Hyderabad,10,6,4,0,637.8,69.1,22.9,1.62,0,False,2.7,74.4,webcam
610,2025-03-25,07:31,Delhi,4,3,0,1,1770.2,16.0,50.2,3.51,0,False,3.6,86.0,fridge_cam
611,2025-11-06,10:55,Delhi,12,3,9,0,661.0,49.2,52.7,1.14,0,True,1.7,81.0,fridge_cam
612,2025-10-26,17:41,Chennai,7,1,1,5,1837.9,54.2,65.0,1.23,0,True,4.9,66.1,fridge_cam
613,2025-01-12,19:38,Delhi,12,0,7,5,1475.1,11.4,52.4,3.36,3,True,5.6,57.2,phone_camera
614,2025-01-23,22:41,Chennai,11,7,2,2,314.9,101.0,93.6,2.9,2,True,6.8,60.1,fridge_cam
615,2025-08-26,22:37,Hyderabad,8,2,4,2,1563.9,107.8,49.7,2.27,0,True,6.5,61.5,fridge_cam
616,2025-02-17,17:03,Delhi,3,2,0,1,890.0,15.7,90.2,3.1,0,True,5.6,56.9,fridge_cam
617,2025-06-09,08:35,Delhi,11,9,1,1,690.2,11.7,85.5,2.4,1,False,7.9,71.1,phone_camera
618,2025-11-12,14:32,Bangalore,10,10,0,0,750.9,61.9,45.2,1.83,0,True,7.0,87.4,webcam
619,2025-10-21,15:17,Pune,8,6,0,2,904.4,21.9,20.8,0.84,2,True,7.4,56.8,uploaded
620,2025-01-28,17:01,Delhi,8,6,1,1,1311.6,101.8,83.9,2.75,1,False,3.3,73.8,phone_camera
621,2025-10-04,15:31,Delhi,10,9,0,1,606.4,26.7,62.5,2.58,0,False,7.1,57.9,uploaded
622,2025-03-15,19:58,Kolkata,3,0,0,3,689.6,17.8,77.3,3.54,1,False,5.7,63.0,webcam
623,2025-01-05,19:41,Bangalore,4,0,4,0,1571.4,24.7,56.4,1.17,0,True,7.6,82.6,webcam
624,2025-02-09,17:10,Mumbai,12,8,1,3,1083.4,111.4,79.6,1.23,3,True,6.6,80.8,phone_camera
625,2025-11-05,17:26,Delhi,11,7,2,2,926.1,108.9,61.4,1.95,2,True,6.2,88.5,webcam
626,2025-09-19,17:58,Pune,3,0,2,1,1556.6,69.9,44.6,3.41,0,True,7.0,64.4,fridge_cam
627,2025-09-21,07:30,Bangalore,10,8,0,2,1317.8,110.2,80.0,2.67,2,True,6.6,85.8,webcam
628,2025-05-14,19:05,Hyderabad,8,1,4,3,1384.1,47.5,28.3,0.83,0,False,7.4,69.5,phone_camera
629,2025-09-18,17:18,Kolkata,9,6,3,0,1610.8,83.4,37.6,3.56,0,True,4.5,83.1,uploaded
630,2025-10-12,07:10,Pune,9,5,4,0,611.5,41.0,78.0,0.96,0,False,2.3,68.3,fridge_cam
631,2025-09-21,18:06,Delhi,11,4,1,6,892.9,27.6,58.8,1.91,5,False,4.8,57.1,fridge_cam
632,2025-11-12,08:40,Mumbai,6,1,0,5,339.0,117.6,45.9,0.9,0,False,7.3,60.7,fridge_cam
633,2025-05-15,12:28,Mumbai,10,3,4,3,1546.7,34.9,66.5,3.32,0,False,6.3,57.7,uploaded
634,2025-06-17,16:42,Hyderabad,11,2,2,7,1980.5,112.6,40.5,1.19,3,False,5.9,78.8,fridge_cam
635,2025-08-09,06:55,Bangalore,3,3,0,0,551.6,62.4,63.1,1.97,0,False,3.9,70.4,webcam
636,2025-04-24,15:16,Mumbai,9,1,8,0,791.8,19.5,22.8,1.61,0,False,1.5,86.4,phone_camera
637,2025-03-17,19:15,Delhi,7,1,2,4,1184.9,10.7,92.2,3.46,0,False,1.3,84.1,uploaded
638,2025-05-11,12:15,Bangalore,7,1,2,4,1440.4,48.5,33.4,0.84,2,False,5.3,64.7,webcam
639,2025-06-16,13:12,Bangalore,9,4,0,5,965.8,116.9,40.3,3.03,0,True,2.9,77.0,webcam
640,2025-02-19,17:30,Pune,3,0,3,0,383.8,115.3,87.8,0.86,0,True,3.0,85.0,fridge_cam
641,2025-09-16,12:24,Hyderabad,8,8,0,0,265.3,105.9,33.1,1.88,0,True,4.7,63.4,webcam
642,2025-09-05,20:45,Mumbai,9,8,1,0,1962.3,81.7,21.7,2.58,0,False,7.5,82.6,uploaded
643,2025-01-08,06:42,Chennai,7,4,2,1,879.8,10.3,46.8,3.03,0,True,6.9,71.8,phone_camera
644,2025-08-21,18:15,Pune,3,0,1,2,1990.4,98.9,54.3,1.08,1,True,6.8,76.5,fridge_cam
645,2025-03-21,18:56,Chennai,3,2,0,1,797.5,15.3,54.8,1.75,1,True,2.2,81.5,fridge_cam
646,2025-06-28,12:36,Bangalore,7,3,0,4,1799.5,94.6,83.3,0.84,2,False,3.1,69.7,uploaded
647,2025-03-15,14:56,Chennai,3,0,3,0,1461.2,19.9,69.1,1.35,0,False,1.6,57.4,webcam
648,2025-07-10,07:41,Kolkata,6,3,2,1,481.5,49.7,41.6,3.39,1,True,1.3,59.5,phone_camera
649,2025-05-07,17:54,Bangalore,5,1,4,0,1296.6,77.8,60.3,2.59,0,False,7.1,74.7,phone_camera
650,2025-11-16,14:55,Bangalore,5,2,0,3,779.7,75.6,66.7,2.1,3,False,3.2,60.7,fridge_cam
651,2025-04-14,21:26,Bangalore,9,3,4,2,824.7,59.9,35.8,3.07,0,True,1.9,57.5,phone_camera
652,2025-04-21,14:11,Chennai,11,7,2,2,742.4,91.1,36.1,3.27,1,False,6.3,70.9,phone_camera
653,2025-04-18,10:23,Mumbai,12,6,4,2,869.0,41.5,22.7,3.5,1,True,7.5,66.9,webcam
654,2025-04-22,15:50,Bangalore,8,1,7,0,956.0,103.5,90.5,2.01,0,False,4.3,88.7,uploaded
655,2025-01-18,07:42,Chennai,8,6,0,2,270.0,33.5,21.5,1.13,0,True,2.5,66.8,fridge_cam
656,2025-07-20,22:14,Mumbai,4,1,0,3,543.9,71.1,88.3,0.85,1,True,3.9,63.1,phone_camera
657,2025-05-09,16:12,Bangalore,9,2,1,6,391.5,81.1,40.0,0.94,4,False,4.4,85.2,uploaded
658,2025-02-22,09:40,Delhi,11,8,0,3,1570.8,21.0,33.4,2.38,1,True,7.3,79.7,uploaded
659,2025-05-14,07:13,Mumbai,6,2,2,2,1491.1,100.5,62.2,1.16,0,False,4.1,74.9,phone_camera
660,2025-02-12,15:21,Delhi,5,1,4,0,447.8,116.4,90.4,3.05,0,True,5.4,55.2,phone_camera
661,2025-05-01,13:00,Hyderabad,6,2,3,1,1301.5,77.8,52.5,2.62,0,False,1.1,79.4,uploaded
662,2025-10-19,12:42,Hyderabad,10,9,1,0,1911.3,119.8,94.9,0.93,0,False,2.9,59.1,phone_camera
663,2025-01-05,15:05,Delhi,4,4,0,0,806.3,64.4,88.5,2.32,0,True,7.3,87.2,phone_camera
664,2025-03-16,07:08,Hyderabad,8,3,1,4,1595.3,75.2,50.1,3.87,4,False,6.7,87.7,fridge_cam
665,2025-04-03,08:24,Mumbai,11,11,0,0,1844.8,16.5,70.3,1.92,0,False,5.9,63.9,uploaded
666,2025-12-12,15:47,Mumbai,6,6,0,0,340.7,47.4,52.9,0.73,0,True,5.8,89.9,phone_camera
667,2025-07-02,16:35,Bangalore,10,5,4,1,1297.7,76.9,94.1,3.54,1,True,2.8,60.6,webcam
668,2025-03-24,09:10,Delhi,7,4,2,1,1473.0,116.2,61.1,0.66,0,True,6.3,86.3,webcam
669,2025-05-02,09:20,Chennai,11,0,10,1,1636.7,43.2,27.8,0.51,0,False,1.1,57.8,phone_camera
670,2025-12-06,18:58,Mumbai,7,7,0,0,1610.5,38.0,86.7,1.1,0,False,4.2,66.2,fridge_cam
671,2025-05-11,12:38,Pune,6,5,0,1,916.1,103.2,29.5,0.59,0,False,3.0,77.0,phone_camera
672,2025-12-23,18:33,Pune,8,3,4,1,807.4,78.8,53.9,3.35,1,True,1.1,58.4,webcam
673,2025-07-13,09:59,Delhi,5,1,2,2,1790.7,95.7,60.3,2.62,1,True,2.1,76.3,uploaded
674,2025-10-14,13:22,Kolkata,12,11,0,1,1844.9,101.4,71.5,2.68,0,False,3.4,62.5,webcam
675,2025-11-28,17:57,Mumbai,10,0,2,8,630.6,75.8,20.1,1.86,4,True,4.3,71.8,fridge_cam
676,2025-06-07,20:05,Bangalore,11,7,1,3,449.0,85.3,44.2,1.34,0,True,2.4,85.4,fridge_cam
677,2025-05-15,14:58,Chennai,9,9,0,0,543.5,109.7,25.2,0.85,0,False,4.5,76.4,fridge_cam
678,2025-11-14,12:05,Delhi,5,1,3,1,744.7,33.3,64.5,3.42,0,True,5.5,77.9,fridge_cam
679,2025-02-12,18:40,Delhi,12,1,3,8,552.8,100.2,48.4,2.24,3,False,3.1,85.9,phone_camera
680,2025-06-06,11:32,Kolkata,8,1,4,3,1350.0,33.4,86.1,2.9,2,False,6.1,83.8,uploaded
681,2025-12-09,19:22,Bangalore,12,9,1,2,1020.9,70.5,94.9,1.27,0,True,5.7,72.4,uploaded
682,2025-05-03,10:12,Pune,7,0,6,1,1901.5,91.2,25.7,1.48,0,False,2.8,71.1,phone_camera
683,2025-01-04,18:12,Mumbai,3,3,0,0,1095.4,12.3,34.2,1.44,0,False,1.7,55.6,fridge_cam
684,2025-11-13,12:52,Bangalore,5,3,2,0,1881.8,28.4,89.9,3.06,0,False,7.6,64.2,fridge_cam
685,2025-08-14,22:41,Kolkata,7,3,3,1,1065.9,115.2,55.9,1.57,1,True,3.7,73.0,phone_camera
686,2025-04-08,10:31,Hyderabad,3,0,1,2,1594.8,91.0,90.8,2.43,0,True,6.8,55.0,uploaded
687,2025-10-13,08:18,Kolkata,10,1,9,0,1285.2,78.5,84.3,1.73,0,False,3.5,88.3,uploaded
688,2025-05-19,16:44,Mumbai,3,1,2,0,917.0,100.1,58.7,1.14,0,False,5.0,79.9,webcam
689,2025-01-19,18:24,Chennai,7,1,6,0,1410.3,50.5,32.7,3.58,0,False,7.7,70.8,webcam
690,2025-01-14,06:12,Chennai,11,8,2,1,1665.1,106.6,36.7,3.08,1,True,1.5,56.7,uploaded
691,2025-11-05,13:55,Hyderabad,6,0,6,0,1325.6,115.6,67.9,3.41,0,True,5.1,60.4,webcam
692,2025-04-02,12:15,Delhi,10,2,2,6,1524.8,26.5,36.8,2.39,5,False,1.5,79.5,phone_camera
693,2025-12-16,13:34,Kolkata,12,9,3,0,1390.5,76.2,52.9,3.97,0,False,7.6,83.8,phone_camera
694,2025-12-10,11:08,Hyderabad,9,0,8,1,1586.7,99.1,76.8,3.43,1,True,3.1,79.0,uploaded
695,2025-04-01,18:09,Kolkata,8,7,1,0,241.8,68.1,43.2,2.87,0,True,5.1,79.6,phone_camera
696,2025-09-03,08:13,Chennai,3,1,2,0,1566.6,66.9,37.8,2.76,0,False,7.3,75.3,webcam
697,2025-04-07,06:40,Delhi,4,3,1,0,1992.3,119.9,76.5,1.48,0,True,7.1,64.9,phone_camera
698,2025-03-19,06:09,Pune,10,1,9,0,1136.2,117.4,68.7,3.17,0,False,1.6,68.2,phone_camera
699,2025-01-17,22:49,Delhi,9,2,4,3,1967.1,22.6,86.8,2.78,1,True,2.7,58.6,uploaded
700,2025-12-22,15:04,Chennai,3,2,1,0,637.2,55.2,31.9,1.95,0,False,1.9,66.4,fridge_cam
701,2025-06-03,19:14,Delhi,11,3,8,0,1087.5,18.1,79.9,1.94,0,False,3.9,72.5,uploaded
702,2025-11-20,07:50,Chennai,4,1,1,2,1596.9,107.6,82.4,2.77,1,False,5.8,84.4,fridge_cam
703,2025-01-04,15:24,Chennai,11,1,1,9,437.0,94.2,47.8,3.61,9,False,4.6,72.9,webcam
704,2025-09-04,10:44,Mumbai,4,2,0,2,805.9,35.1,26.1,2.23,1,False,1.3,70.9,uploaded
705,2025-08-17,14:55,Bangalore,11,9,0,2,1122.7,85.5,54.5,0.81,0,True,6.9,73.6,fridge_cam
706,2025-12-02,17:05,Chennai,10,10,0,0,1367.1,93.9,73.7,2.16,0,True,2.3,73.1,webcam
707,2025-02-23,15:53,Hyderabad,6,0,5,1,510.9,79.2,84.2,3.41,1,True,1.1,81.6,fridge_cam
708,2025-09-21,15:09,Kolkata,9,9,0,0,789.8,55.4,42.5,3.76,0,True,7.5,75.7,uploaded
709,2025-04-09,17:00,Chennai,11,11,0,0,665.0,78.0,26.7,0.8,0,True,1.2,82.2,uploaded
710,2025-07-23,09:24,Pune,4,3,0,1,1502.0,71.2,40.1,1.95,0,True,7.5,73.3,phone_camera
711,2025-09-04,18:36,Bangalore,11,4,1,6,1287.9,34.9,41.1,3.64,0,False,3.6,60.0,fridge_cam
712,2025-02-26,13:49,Hyderabad,10,7,1,2,937.9,31.6,92.4,1.03,2,True,3.9,88.3,fridge_cam
713,2025-02-16,11:55,Mumbai,12,10,1,1,322.9,78.6,24.7,0.7,1,False,7.9,73.4,uploaded
714,2025-03-04,17:50,Hyderabad,6,6,0,0,1236.7,102.7,58.5,1.38,0,False,4.4,82.3,fridge_cam
715,2025-07-11,18:22,Bangalore,10,1,2,7,1742.5,86.2,27.6,2.0,6,False,3.9,58.3,uploaded
716,2025-03-02,21:01,Chennai,4,0,0,4,1140.2,82.3,71.9,2.69,4,True,6.4,74.9,uploaded
717,2025-07-06,17:46,Kolkata,12,12,0,0,810.3,48.0,51.6,1.72,0,True,3.4,83.9,fridge_cam
718,2025-07-03,22:27,Pune,11,0,8,3,1568.0,86.0,58.7,3.85,0,False,2.4,88.4,phone_camera
719,2025-09-12,12:08,Kolkata,12,9,3,0,1762.2,86.0,20.3,2.99,0,True,1.1,55.5,webcam
720,2025-07-12,15:53,Pune,3,1,1,1,1855.8,82.2,69.6,0.56,1,True,7.1,70.1,webcam
721,2025-09-16,07:43,Pune,5,2,3,0,1670.4,75.8,65.8,2.64,0,False,6.1,74.7,fridge_cam
722,2025-10-28,08:49,Hyderabad,9,3,3,3,1572.9,110.1,58.7,1.18,3,False,4.7,73.9,uploaded
723,2025-07-03,19:44,Mumbai,5,3,2,0,899.9,59.0,92.5,3.6,0,False,3.2,75.9,fridge_cam
724,2025-10-04,17:54,Delhi,5,5,0,0,1473.2,79.6,54.7,2.39,0,False,1.7,59.8,fridge_cam
725,2025-01-12,07:50,Hyderabad,5,3,1,1,1648.3,62.0,89.9,0.64,1,True,2.9,84.5,webcam
726,2025-08-17,17:55,Chennai,11,11,0,0,382.6,107.6,28.5,2.52,0,True,4.1,64.7,webcam
727,2025-02-08,14:53,Hyderabad,7,2,0,5,1668.0,96.9,84.4,1.24,5,True,4.8,81.7,webcam
728,2025-07-06,15:30,Hyderabad,7,0,4,3,987.4,90.0,79.7,3.44,1,True,3.9,60.7,phone_camera
729,2025-11-19,06:15,Delhi,6,0,4,2,773.3,42.6,49.8,2.25,0,True,6.8,89.2,webcam
730,2025-10-13,19:06,Bangalore,12,5,4,3,1028.9,89.0,34.1,3.24,3,True,5.0,57.7,fridge_cam
731,2025-02-15,06:38,Hyderabad,9,7,1,1,870.0,20.2,23.0,3.0,1,False,6.1,60.7,uploaded
732,2025-01-24,07:09,Hyderabad,9,2,1,6,246.5,59.9,88.7,2.57,5,False,3.6,55.8,webcam
733,2025-02-12,19:54,Kolkata,7,4,2,1,1700.0,52.0,37.9,3.81,1,False,7.3,72.4,uploaded
734,2025-03-04,20:20,Hyderabad,5,1,0,4,1222.8,100.5,62.1,2.48,0,False,2.4,56.0,phone_camera
735,2025-11-15,11:00,Pune,10,6,0,4,1700.2,26.8,74.9,2.32,4,True,6.8,59.9,uploaded
736,2025-08-16,14:59,Bangalore,10,5,3,2,898.3,70.0,35.3,1.15,0,False,4.5,60.5,webcam
737,2025-08-28,15:27,Kolkata,10,7,2,1,820.1,47.3,76.2,2.42,1,False,3.6,82.2,phone_camera
738,2025-10-08,14:24,Hyderabad,7,2,3,2,1426.6,103.2,66.3,2.46,1,True,3.8,60.1,uploaded
739,2025-02-18,20:30,Hyderabad,6,2,0,4,908.0,38.6,67.0,1.46,4,False,5.7,70.4,uploaded
740,2025-08-22,08:01,Mumbai,9,3,4,2,321.2,69.1,83.9,3.99,0,False,4.4,74.9,uploaded
741,2025-08-22,15:46,Mumbai,3,3,0,0,1912.9,46.4,72.7,2.83,0,False,4.7,65.4,phone_camera
742,2025-04-09,19:21,Chennai,5,0,3,2,1156.3,54.5,43.8,0.9,0,True,1.9,65.3,webcam
743,2025-11-20,22:41,Kolkata,6,5,0,1,1071.7,15.2,76.2,3.06,1,False,6.5,87.2,fridge_cam
744,2025-02-16,06:51,Kolkata,9,6,0,3,1528.3,72.3,66.1,2.12,0,False,3.6,85.3,phone_camera
745,2025-12-05,14:24,Delhi,9,4,0,5,802.7,85.7,90.1,2.6,5,False,4.9,88.8,phone_camera
746,2025-09-08,10:00,Kolkata,8,1,6,1,523.8,97.8,54.7,0.94,0,True,4.5,57.1,webcam
747,2025-12-25,14:28,Pune,7,0,0,7,767.1,103.9,47.0,2.9,3,False,5.8,62.6,phone_camera
748,2025-04-05,08:35,Kolkata,6,4,0,2,1682.0,36.5,49.3,3.34,1,True,3.5,73.0,webcam
749,2025-10-17,21:13,Mumbai,11,4,6,1,1239.7,96.0,86.9,2.29,1,False,2.0,58.7,phone_camera
750,2025-03-09,15:25,Kolkata,10,0,10,0,1298.3,40.4,62.3,3.92,0,True,3.7,87.5,webcam
751,2025-09-07,07:52,Bangalore,12,4,7,1,464.7,102.9,41.8,3.02,1,False,2.2,64.4,fridge_cam
752,2025-03-24,22:43,Delhi,9,3,0,6,1634.0,85.6,23.2,3.81,3,False,5.1,79.0,webcam
753,2025-11-03,10:08,Chennai,12,8,0,4,527.0,92.7,45.6,0.84,1,False,1.5,68.4,fridge_cam
754,2025-02-23,18:42,Delhi,3,2,1,0,497.3,35.3,20.6,3.18,0,False,4.3,57.7,webcam
755,2025-03-24,19:01,Bangalore,3,1,0,2,635.5,93.6,54.8,3.11,0,True,4.0,88.4,fridge_cam
756,2025-04-03,07:52,Kolkata,9,4,5,0,1980.6,25.4,93.8,2.41,0,False,2.7,80.0,uploaded
757,2025-06-18,16:34,Mumbai,6,0,5,1,338.9,56.5,75.8,3.17,1,True,2.0,62.2,phone_camera
758,2025-06-17,22:39,Hyderabad,4,1,2,1,551.8,77.8,71.7,0.57,0,False,1.8,87.3,fridge_cam
759,2025-07-15,07:29,Bangalore,10,0,10,0,1696.9,87.4,74.8,3.02,0,False,2.8,80.0,fridge_cam
760,2025-11-20,20:04,Chennai,7,7,0,0,615.0,22.1,80.6,2.93,0,False,2.5,78.6,phone_camera
761,2025-05-11,19:56,Mumbai,7,2,3,2,1229.4,40.8,52.1,1.5,2,True,6.0,83.3,webcam
762,2025-09-22,17:32,Pune,6,6,0,0,1057.2,51.6,71.1,2.93,0,False,1.2,61.6,webcam
763,2025-05-06,09:47,Chennai,12,2,6,4,511.4,70.5,52.9,1.07,4,True,4.4,70.2,uploaded
764,2025-07-21,16:37,Pune,7,7,0,0,1316.9,90.1,71.2,0.91,0,False,2.5,78.2,phone_camera
765,2025-04-19,16:50,Chennai,8,6,0,2,509.9,107.9,84.7,3.59,2,False,1.0,56.5,webcam
766,2025-03-02,17:15,Mumbai,3,1,0,2,1549.6,14.7,64.0,2.52,1,False,7.9,56.7,webcam
767,2025-02-28,20:07,Kolkata,7,6,1,0,1728.5,105.1,41.5,3.52,0,False,6.7,83.9,webcam
768,2025-10-02,18:26,Delhi,4,3,0,1,304.9,54.3,59.8,3.05,1,False,6.0,82.3,phone_camera
769,2025-07-01,13:53,Delhi,10,3,1,6,295.8,85.8,87.5,1.69,3,True,1.9,71.2,webcam
770,2025-05-03,19:38,Kolkata,8,2,6,0,662.9,94.3,75.7,2.01,0,False,4.8,68.3,uploaded
771,2025-05-06,22:19,Chennai,7,6,0,1,231.2,112.8,82.7,3.43,0,True,6.3,88.7,fridge_cam
772,2025-08-24,09:01,Kolkata,6,3,2,1,1054.5,65.8,33.4,3.86,0,False,6.9,88.0,phone_camera
773,2025-03-21,10:55,Mumbai,6,3,3,0,1497.2,39.5,23.3,1.7,0,False,4.5,67.9,uploaded
774,2025-12-21,07:02,Chennai,9,1,0,8,1796.9,75.8,83.9,0.93,6,True,5.5,64.4,phone_camera
775,2025-05-17,08:18,Chennai,12,3,3,6,431.1,116.8,68.2,1.86,1,True,7.7,89.0,fridge_cam
776,2025-11-01,22:30,Delhi,8,8,0,0,1096.9,47.2,44.6,3.81,0,True,4.6,81.7,phone_camera
777,2025-11-24,14:17,Delhi,6,3,0,3,898.7,112.6,44.0,0.87,1,True,2.7,67.8,fridge_cam
778,2025-03-20,13:10,Bangalore,4,4,0,0,1531.7,119.0,54.0,0.73,0,True,2.6,85.5,webcam
779,2025-06-07,18:02,Delhi,4,0,3,1,730.1,89.7,62.4,0.79,1,True,1.6,56.3,phone_camera
780,2025-08-11,19:54,Kolkata,9,2,7,0,1863.7,75.8,72.8,3.12,0,True,3.1,72.7,uploaded
781,2025-07-28,09:05,Kolkata,3,2,1,0,1526.6,71.2,61.3,0.95,0,True,7.9,66.0,uploaded
782,2025-09-26,13:01,Hyderabad,7,3,2,2,1087.5,34.6,34.9,1.82,0,False,5.0,89.4,phone_camera
783,2025-10-04,22:43,Bangalore,11,10,1,0,416.1,62.2,68.5,2.41,0,False,7.3,78.1,uploaded
784,2025-01-14,10:21,Kolkata,7,2,1,4,817.6,95.1,24.1,1.19,2,True,5.6,79.8,uploaded
785,2025-04-09,15:39,Chennai,8,6,2,0,1494.3,104.9,58.0,1.72,0,False,7.9,87.0,phone_camera
786,2025-08-24,11:59,Bangalore,4,4,0,0,1722.2,99.1,53.2,3.24,0,True,4.5,84.2,phone_camera
787,2025-09-03,18:42,Bangalore,5,4,0,1,354.8,117.2,53.9,0.83,0,True,3.0,61.1,uploaded
788,2025-08-10,16:29,Kolkata,6,3,0,3,1989.9,21.6,67.0,0.73,2,True,1.1,57.2,webcam
789,2025-01-27,11:46,Chennai,4,1,1,2,697.3,70.2,21.4,3.7,0,True,6.1,86.4,phone_camera
790,2025-11-18,08:37,Mumbai,4,2,2,0,1038.9,64.1,31.0,1.51,0,False,7.7,66.3,webcam
791,2025-07-18,09:23,Pune,11,11,0,0,1343.5,91.9,34.7,3.69,0,False,3.2,85.9,webcam
792,2025-10-06,06:55,Hyderabad,7,7,0,0,1619.0,34.5,59.2,0.96,0,False,4.0,74.8,uploaded
793,2025-07-13,19:43,Hyderabad,11,1,2,8,1244.5,52.4,83.4,3.45,2,False,7.1,78.6,uploaded
794,2025-05-18,19:23,Kolkata,9,5,3,1,1274.9,58.7,91.5,2.6,1,False,4.0,62.5,webcam
795,2025-01-24,19:33,Mumbai,3,3,0,0,545.9,90.4,78.5,1.32,0,True,3.0,82.0,webcam
796,2025-09-17,18:52,Delhi,5,3,1,1,1007.8,59.1,68.4,2.41,1,False,6.9,55.1,fridge_cam
797,2025-04-05,08:15,Mumbai,5,0,3,2,205.5,46.5,79.9,2.88,2,True,6.6,72.8,webcam
798,2025-10-22,17:21,Kolkata,5,5,0,0,1553.3,99.9,49.9,3.15,0,True,4.5,78.9,uploaded
799,2025-12-22,06:26,Mumbai,12,11,0,1,539.2,82.8,26.2,3.09,0,False,3.1,57.8,uploaded
800,2025-11-18,15:34,Pune,7,7,0,0,914.6,23.6,72.7,3.14,0,False,5.3,77.1,uploaded
801,2025-07-12,07:39,Delhi,6,2,1,3,387.9,112.7,67.3,3.23,3,False,2.2,55.4,uploaded
802,2025-01-03,13:09,Kolkata,5,4,1,0,381.9,106.2,49.9,2.07,0,True,4.6,59.2,webcam
803,2025-12-20,11:45,Chennai,3,2,1,0,1057.4,18.6,58.7,2.63,0,True,2.2,63.5,uploaded
804,2025-04-10,18:06,Kolkata,3,2,0,1,1862.3,19.9,37.8,0.81,1,False,7.4,64.8,fridge_cam
805,2025-02-26,11:15,Kolkata,8,4,2,2,571.6,118.3,47.3,0.76,1,True,3.4,69.4,phone_camera
806,2025-04-08,22:26,Pune,3,1,1,1,753.9,54.0,21.4,2.06,1,False,2.5,61.3,fridge_cam
807,2025-07-12,13:25,Delhi,3,0,0,3,1029.9,98.8,68.8,2.65,3,False,4.6,58.5,phone_camera
808,2025-06-05,14:54,Delhi,7,1,2,4,1185.6,57.7,77.8,0.73,2,True,3.4,55.9,webcam
809,2025-12-25,08:53,Hyderabad,7,3,2,2,699.1,114.2,48.4,1.23,0,False,5.5,69.1,webcam
810,2025-02-02,07:19,Hyderabad,6,1,3,2,1379.9,21.4,33.0,3.18,1,True,7.8,64.3,uploaded
811,2025-11-01,17:03,Hyderabad,3,0,1,2,371.1,52.2,35.8,2.48,2,True,5.6,83.6,uploaded
812,2025-03-28,19:23,Bangalore,5,2,1,2,1544.2,23.2,93.7,3.52,2,True,6.0,89.3,webcam
813,2025-01-01,19:11,Kolkata,5,4,0,1,630.2,68.5,58.4,3.69,0,False,3.5,69.5,webcam
814,2025-02-22,19:00,Bangalore,10,7,3,0,1316.3,19.4,55.4,2.65,0,True,2.6,89.4,fridge_cam
815,2025-12-07,17:13,Chennai,12,1,3,8,1830.4,37.2,52.4,2.99,8,False,6.0,80.1,fridge_cam
816,2025-10-09,09:17,Kolkata,3,2,0,1,1003.4,64.6,76.7,2.0,0,True,1.5,77.8,fridge_cam
817,2025-02-13,12:24,Mumbai,7,6,0,1,1276.2,10.4,59.2,3.49,1,False,7.1,60.0,phone_camera
818,2025-05-06,19:12,Bangalore,6,1,1,4,1972.9,71.2,36.1,2.29,0,True,3.4,58.6,fridge_cam
819,2025-09-09,21:22,Hyderabad,5,4,1,0,213.4,38.4,41.2,0.82,0,False,2.5,64.4,webcam
820,2025-11-24,07:24,Pune,8,7,1,0,779.1,93.1,36.3,2.53,0,False,3.1,64.4,phone_camera
821,2025-10-19,17:20,Chennai,7,5,0,2,1556.3,81.7,65.3,2.19,1,False,2.0,74.0,webcam
822,2025-07-14,11:22,Kolkata,8,7,0,1,1483.8,21.4,52.2,1.11,0,False,2.4,84.1,uploaded
823,2025-05-18,21:10,Delhi,4,2,2,0,1132.4,74.3,29.7,0.91,0,True,1.0,81.3,phone_camera
824,2025-01-24,21:41,Hyderabad,3,0,1,2,1736.7,75.3,58.6,1.14,0,True,3.5,76.9,webcam
825,2025-04-21,17:43,Delhi,12,4,2,6,1084.0,19.0,23.7,1.05,6,True,5.1,88.6,webcam
826,2025-01-01,11:10,Bangalore,5,2,0,3,1275.8,111.7,30.2,1.76,3,True,3.3,76.4,fridge_cam
827,2025-01-08,11:53,Mumbai,6,1,3,2,739.4,70.6,84.2,2.14,2,True,1.1,71.8,webcam
828,2025-01-13,16:09,Delhi,10,1,5,4,886.2,65.7,86.8,2.47,4,False,6.8,60.7,webcam
829,2025-06-03,11:08,Pune,11,5,0,6,1748.2,55.8,48.7,0.66,4,False,7.8,65.1,fridge_cam
830,2025-02-12,07:15,Bangalore,4,0,3,1,732.3,111.3,74.0,1.37,0,False,5.3,83.1,webcam
831,2025-10-19,19:32,Delhi,4,1,2,1,1138.0,32.4,77.0,2.95,1,False,5.4,57.6,fridge_cam
832,2025-11-20,16:51,Bangalore,5,5,0,0,347.1,74.0,52.9,3.54,0,True,1.3,89.5,webcam
833,2025-04-08,18:52,Mumbai,3,1,1,1,1824.9,78.6,28.6,3.77,0,True,2.9,88.5,webcam
834,2025-07-08,09:42,Pune,8,5,3,0,689.8,34.3,55.0,1.81,0,False,3.1,85.0,webcam
835,2025-10-09,09:39,Mumbai,4,4,0,0,1505.4,52.5,70.4,1.68,0,True,2.6,77.9,uploaded
836,2025-04-03,12:50,Bangalore,7,1,2,4,1822.3,12.6,77.3,0.5,0,True,7.2,83.9,webcam
837,2025-03-06,14:53,Delhi,9,3,4,2,623.4,52.3,78.0,3.88,2,False,1.6,73.0,webcam
838,2025-11-22,16:54,Delhi,12,7,4,1,317.1,59.5,28.5,1.5,0,False,5.1,86.6,webcam
839,2025-10-23,14:34,Hyderabad,6,2,2,2,568.9,117.2,41.3,1.45,2,True,5.3,57.4,webcam
840,2025-07-20,08:38,Hyderabad,9,9,0,0,1462.7,30.7,92.9,3.63,0,False,4.3,88.6,phone_camera
841,2025-01-25,13:45,Chennai,9,6,2,1,1004.5,10.3,62.3,2.51,0,False,2.9,73.1,webcam
842,2025-01-19,09:28,Hyderabad,9,7,0,2,876.5,20.8,80.3,3.97,2,True,6.8,55.9,uploaded
843,2025-08-10,14:22,Pune,8,3,5,0,843.3,68.6,64.5,0.8,0,False,3.7,80.1,fridge_cam
844,2025-08-17,09:50,Mumbai,12,3,4,5,1584.1,55.1,61.1,3.06,0,False,5.4,82.9,uploaded
845,2025-02-20,20:02,Pune,6,1,0,5,1667.8,12.5,67.1,2.34,3,False,1.9,88.8,phone_camera
846,2025-02-21,09:10,Pune,8,5,0,3,991.8,56.0,86.2,3.48,0,False,8.0,85.1,fridge_cam
847,2025-08-14,06:03,Delhi,5,2,3,0,1765.7,113.7,80.3,1.71,0,False,3.2,58.2,fridge_cam
848,2025-09-10,20:36,Pune,7,4,2,1,1960.8,48.8,64.6,0.72,0,True,7.9,78.1,fridge_cam
849,2025-05-21,15:19,Kolkata,3,0,2,1,1228.6,28.7,75.8,1.81,0,False,3.4,74.3,uploaded
850,2025-08-13,18:47,Bangalore,6,6,0,0,1074.9,87.2,83.5,2.75,0,True,7.8,63.4,fridge_cam
851,2025-01-13,17:50,Hyderabad,10,9,1,0,318.3,119.8,40.8,3.15,0,False,4.9,70.2,fridge_cam
852,2025-02-19,10:09,Bangalore,3,3,0,0,415.6,95.4,51.1,1.22,0,False,2.3,69.7,webcam
853,2025-03-28,19:21,Delhi,10,10,0,0,1108.9,102.2,35.3,3.28,0,True,2.3,77.9,fridge_cam
854,2025-02-22,10:13,Mumbai,5,3,0,2,1363.0,103.3,68.3,3.67,0,True,3.3,87.1,phone_camera
855,2025-08-24,15:01,Kolkata,3,2,1,0,1015.7,69.9,77.8,3.01,0,True,2.6,81.6,fridge_cam
856,2025-09-08,16:54,Bangalore,9,4,5,0,519.9,102.4,75.4,3.59,0,True,5.8,82.2,fridge_cam
857,2025-07-10,10:07,Delhi,11,3,3,5,470.2,87.4,90.1,1.95,2,False,6.3,68.2,phone_camera
858,2025-04-05,11:06,Bangalore,12,3,0,9,1564.7,70.7,78.6,0.66,0,True,4.6,85.4,webcam
859,2025-05-26,08:57,Mumbai,8,5,3,0,1906.3,92.9,27.5,0.86,0,True,3.0,84.9,webcam
860,2025-10-10,14:44,Pune,10,9,0,1,815.4,50.2,55.5,2.03,1,False,2.1,62.1,uploaded
861,2025-02-24,10:02,Mumbai,4,0,3,1,749.1,50.3,92.9,2.92,0,False,3.4,67.1,phone_camera
862,2025-03-06,15:11,Mumbai,6,0,0,6,615.7,115.6,26.9,3.97,2,True,7.9,78.2,phone_camera
863,2025-11-24,11:58,Chennai,8,1,7,0,318.9,44.8,91.9,2.65,0,True,6.9,89.1,phone_camera
864,2025-07-21,14:08,Chennai,3,3,0,0,1341.9,88.5,79.2,3.05,0,False,7.4,84.2,phone_camera
865,2025-01-20,09:01,Pune,4,0,0,4,1578.8,53.2,23.6,1.66,0,False,5.1,84.0,uploaded
866,2025-06-03,06:12,Hyderabad,11,6,5,0,1715.4,49.4,55.4,2.72,0,False,6.4,82.3,phone_camera
867,2025-01-06,16:50,Mumbai,12,2,9,1,526.5,39.5,60.8,3.53,0,False,6.4,69.3,uploaded
868,2025-07-11,15:13,Hyderabad,8,7,1,0,834.5,75.6,32.3,2.48,0,False,2.7,57.6,fridge_cam
869,2025-08-09,08:04,Bangalore,8,3,2,3,261.3,66.0,70.9,2.13,0,True,2.0,62.5,fridge_cam
870,2025-08-26,15:34,Delhi,7,4,2,1,1145.5,96.4,49.6,2.67,1,False,7.8,57.8,fridge_cam
871,2025-06-15,10:39,Pune,5,0,5,0,1255.6,38.2,48.5,0.69,0,True,2.4,75.3,fridge_cam
872,2025-08-13,15:42,Bangalore,6,4,0,2,407.5,94.3,35.9,2.6,1,False,3.6,87.3,phone_camera
873,2025-08-06,06:52,Bangalore,8,1,3,4,1629.2,58.6,84.6,1.26,4,False,4.9,63.4,phone_camera
874,2025-03-02,21:21,Mumbai,7,6,1,0,1213.7,99.8,26.5,2.81,0,True,4.6,78.9,webcam
875,2025-12-11,06:28,Mumbai,11,11,0,0,1320.3,43.4,67.9,1.63,0,False,1.3,72.8,fridge_cam
876,2025-07-05,20:32,Delhi,4,0,2,2,911.5,117.8,50.5,0.75,2,False,7.5,78.6,phone_camera
877,2025-02-10,14:55,Delhi,7,3,4,0,937.2,100.8,46.3,2.98,0,False,3.4,77.8,webcam
878,2025-12-07,13:34,Delhi,7,4,3,0,778.6,41.2,80.0,0.81,0,True,1.5,76.6,fridge_cam
879,2025-02-05,07:22,Hyderabad,11,1,3,7,641.1,70.9,59.0,2.99,0,True,5.6,61.5,webcam
880,2025-02-26,21:27,Bangalore,5,5,0,0,1848.1,75.1,23.4,3.3,0,True,5.9,60.6,phone_camera
881,2025-05-02,06:42,Chennai,9,6,3,0,1277.0,118.7,56.1,1.27,0,False,2.3,78.3,fridge_cam
882,2025-02-05,08:13,Delhi,12,0,11,1,798.3,30.8,28.9,1.68,1,True,4.0,64.0,uploaded
883,2025-01-14,21:40,Delhi,12,3,7,2,1848.3,42.8,21.7,2.7,1,True,2.3,57.6,fridge_cam
884,2025-01-28,17:23,Delhi,8,7,0,1,1965.2,27.9,49.7,3.89,1,False,3.2,60.4,fridge_cam
885,2025-09-27,12:46,Bangalore,8,0,5,3,296.8,27.5,93.9,2.26,1,True,6.6,83.9,uploaded
886,2025-02-01,18:40,Pune,9,8,0,1,812.9,94.6,86.5,1.13,1,False,7.7,80.7,webcam
887,2025-04-24,19:06,Delhi,8,2,5,1,1762.6,94.2,52.4,3.26,0,False,1.1,77.3,uploaded
888,2025-01-28,17:03,Mumbai,7,2,0,5,1369.7,42.3,79.0,3.6,3,True,5.2,70.5,webcam
889,2025-10-04,17:49,Hyderabad,3,2,1,0,244.5,49.5,39.9,3.59,0,False,4.7,77.2,fridge_cam
890,2025-02-09,06:43,Hyderabad,4,2,1,1,1747.2,109.8,58.9,2.21,1,True,3.3,87.9,phone_camera
891,2025-11-07,20:40,Kolkata,5,4,0,1,1248.2,79.1,49.8,2.33,0,False,5.9,84.6,phone_camera
892,2025-10-23,15:30,Kolkata,6,0,6,0,1354.0,21.0,27.7,1.6,0,False,2.0,85.8,uploaded
893,2025-02-14,16:15,Kolkata,10,7,2,1,1000.3,110.9,75.1,3.17,1,False,6.8,62.2,uploaded
894,2025-04-13,08:41,Pune,4,3,1,0,404.4,115.3,80.4,1.79,0,True,3.2,86.7,webcam
895,2025-05-16,11:20,Bangalore,9,8,1,0,1348.6,40.0,75.5,1.11,0,True,1.9,57.9,phone_camera
896,2025-12-04,14:36,Pune,11,8,1,2,1591.7,39.7,24.0,0.81,0,True,6.6,77.6,fridge_cam
897,2025-09-03,16:43,Bangalore,10,4,5,1,1223.6,20.6,64.1,3.34,0,True,6.5,57.0,webcam
898,2025-12-18,10:16,Kolkata,5,2,2,1,1603.4,92.4,58.2,0.59,1,True,5.1,71.1,fridge_cam
899,2025-04-14,15:10,Delhi,10,4,5,1,694.1,84.5,70.9,0.71,0,False,5.4,58.8,fridge_cam
900,2025-07-20,10:58,Kolkata,7,6,1,0,202.7,95.3,33.1,2.11,0,True,5.9,80.2,uploaded
901,2025-04-27,15:48,Pune,3,3,0,0,698.0,35.4,53.0,1.76,0,True,5.0,77.9,phone_camera
902,2025-07-23,22:02,Mumbai,11,11,0,0,1202.8,40.6,90.0,1.04,0,False,5.8,78.1,fridge_cam
903,2025-11-22,15:51,Bangalore,12,4,1,7,1279.0,39.0,54.2,0.79,3,False,5.4,60.8,webcam
904,2025-03-08,22:09,Chennai,9,0,8,1,1924.4,11.8,71.1,1.1,1,True,3.9,71.9,phone_camera
905,2025-11-11,12:00,Hyderabad,7,6,1,0,465.4,29.9,32.8,0.95,0,False,5.4,62.2,fridge_cam
906,2025-12-05,13:10,Bangalore,11,3,2,6,458.5,43.5,30.4,0.75,6,False,6.9,73.1,webcam
907,2025-11-06,12:43,Mumbai,7,4,1,2,428.4,65.2,74.5,1.99,1,True,5.2,74.8,webcam
908,2025-04-05,09:15,Pune,3,0,3,0,608.2,113.0,72.0,3.0,0,True,6.5,67.1,fridge_cam
909,2025-03-05,21:01,Pune,7,4,3,0,292.3,39.1,58.7,2.64,0,False,6.4,60.8,phone_camera
910,2025-01-07,21:16,Hyderabad,8,7,0,1,1747.4,50.1,23.9,1.24,1,False,6.9,60.1,webcam
911,2025-11-26,13:00,Pune,3,3,0,0,1911.6,63.6,91.6,3.11,0,False,6.3,88.4,fridge_cam
912,2025-08-03,16:29,Kolkata,12,8,3,1,621.9,35.6,94.7,2.26,1,True,2.3,73.7,fridge_cam
913,2025-10-24,15:43,Kolkata,3,2,1,0,1025.3,93.8,91.4,1.09,0,True,6.2,86.6,uploaded
914,2025-03-09,07:56,Hyderabad,12,10,1,1,1635.6,48.8,32.0,2.8,1,False,4.0,85.5,phone_camera
915,2025-02-16,06:04,Chennai,10,2,0,8,1003.2,80.2,45.0,1.87,7,False,4.4,67.9,webcam
916,2025-05-28,15:16,Pune,9,7,2,0,1288.7,76.6,58.1,3.96,0,True,5.9,72.1,uploaded
917,2025-04-01,11:18,Kolkata,11,11,0,0,1236.1,24.9,70.6,3.06,0,True,2.6,59.2,uploaded
918,2025-06-26,06:51,Mumbai,4,2,2,0,1310.7,31.4,78.3,1.3,0,True,6.3,64.4,webcam
919,2025-02-05,17:50,Pune,6,3,1,2,251.9,95.2,61.3,2.3,2,True,6.4,73.9,fridge_cam
920,2025-04-05,11:41,Hyderabad,12,9,3,0,439.7,101.7,59.4,2.68,0,True,7.2,79.5,uploaded
921,2025-11-02,19:11,Chennai,6,6,0,0,697.6,57.2,54.5,1.95,0,True,6.4,74.0,uploaded
922,2025-05-18,18:30,Chennai,12,1,9,2,1041.8,51.8,65.9,2.38,1,False,2.9,64.6,webcam
923,2025-02-02,09:21,Delhi,4,4,0,0,1404.0,58.4,92.9,1.63,0,True,1.1,58.6,webcam
924,2025-06-17,15:11,Kolkata,11,7,1,3,603.7,24.4,68.0,2.16,1,False,5.8,84.1,phone_camera
925,2025-08-25,10:15,Chennai,4,2,0,2,1757.5,87.1,36.6,0.74,1,False,7.7,63.2,phone_camera
926,2025-06-26,20:08,Bangalore,9,7,1,1,993.4,22.1,62.9,2.95,1,True,3.5,79.6,fridge_cam
927,2025-05-25,07:39,Bangalore,9,5,3,1,1626.3,35.5,71.8,2.37,1,False,1.7,79.3,uploaded
928,2025-10-03,21:30,Kolkata,5,4,0,1,547.5,94.5,44.4,3.15,0,True,1.6,55.4,webcam
929,2025-02-27,22:53,Mumbai,10,7,1,2,1518.4,32.4,68.0,0.75,2,False,5.8,56.7,phone_camera
930,2025-12-17,08:39,Mumbai,5,2,0,3,615.6,84.1,32.1,3.9,2,False,7.1,64.3,fridge_cam
931,2025-03-15,22:58,Bangalore,7,4,3,0,1476.2,102.0,41.8,3.29,0,True,4.2,55.8,uploaded
932,2025-10-25,14:08,Kolkata,11,6,3,2,210.3,94.9,29.0,2.15,2,True,2.3,68.2,phone_camera
933,2025-09-16,22:55,Kolkata,8,3,0,5,1088.7,13.2,25.2,2.25,0,True,7.6,88.0,uploaded
934,2025-02-12,19:30,Chennai,6,2,4,0,260.5,115.6,49.2,1.1,0,True,5.3,61.7,uploaded
935,2025-05-08,21:43,Mumbai,5,4,1,0,1635.6,30.2,88.5,1.39,0,True,3.5,79.4,webcam
936,2025-03-02,08:34,Mumbai,3,2,0,1,1100.6,81.5,31.5,2.19,1,False,4.0,83.0,uploaded
937,2025-04-04,21:10,Hyderabad,11,3,0,8,1542.3,15.5,65.7,3.56,7,False,1.6,72.0,fridge_cam
938,2025-12-21,09:45,Hyderabad,11,1,4,6,1525.3,64.4,66.1,4.0,0,False,6.7,57.4,phone_camera
939,2025-06-08,22:21,Chennai,3,2,1,0,1831.9,38.9,48.0,1.91,0,False,5.4,87.0,phone_camera
940,2025-01-27,20:23,Kolkata,7,0,1,6,514.3,59.8,81.0,2.63,3,True,2.0,88.8,fridge_cam
941,2025-01-05,11:21,Hyderabad,10,10,0,0,647.3,89.0,28.8,1.05,0,False,2.2,64.4,fridge_cam
942,2025-06-21,06:15,Pune,12,12,0,0,224.0,73.4,60.9,1.66,0,False,7.8,60.2,uploaded
943,2025-09-07,06:28,Delhi,10,10,0,0,1809.1,54.8,60.8,1.9,0,False,6.3,76.8,fridge_cam
944,2025-04-15,10:10,Hyderabad,3,0,3,0,1933.1,22.2,49.3,2.36,0,False,1.5,77.2,fridge_cam
945,2025-11-23,11:38,Chennai,7,4,0,3,1843.2,77.3,48.7,0.57,2,False,4.9,57.5,fridge_cam
946,2025-09-08,16:45,Bangalore,12,2,2,8,261.1,24.7,82.8,1.32,5,True,1.6,72.1,fridge_cam
947,2025-04-14,13:59,Hyderabad,11,10,1,0,1523.5,48.5,39.0,3.87,0,True,5.6,82.8,fridge_cam
948,2025-08-12,12:05,Bangalore,6,2,0,4,488.9,112.2,24.9,3.89,4,False,3.3,62.0,webcam
949,2025-02-25,11:26,Delhi,7,7,0,0,290.3,68.9,65.7,2.2,0,False,2.4,71.5,uploaded
950,2025-07-23,19:32,Pune,11,8,0,3,277.7,54.5,25.9,2.51,3,False,5.5,79.7,phone_camera
951,2025-11-15,22:48,Delhi,5,0,3,2,728.1,60.8,87.2,3.73,1,True,3.8,73.2,fridge_cam
952,2025-05-18,17:55,Bangalore,8,8,0,0,710.4,113.9,37.4,1.08,0,False,3.2,89.1,webcam
953,2025-03-16,20:03,Chennai,8,6,1,1,1874.7,47.9,90.8,1.84,1,False,7.2,76.8,webcam
954,2025-03-15,10:01,Chennai,11,0,5,6,1204.9,38.0,37.9,0.86,5,False,7.5,87.4,webcam
955,2025-10-25,12:55,Mumbai,9,6,2,1,629.8,46.8,72.1,2.39,0,True,2.6,58.1,phone_camera
956,2025-09-11,11:32,Kolkata,5,2,2,1,1884.7,79.3,75.9,3.79,1,False,4.0,62.3,uploaded
957,2025-02-02,06:01,Mumbai,12,7,5,0,1719.6,112.6,20.0,0.57,0,False,3.8,84.7,uploaded
958,2025-12-17,18:50,Delhi,11,0,8,3,755.2,78.7,72.8,3.62,3,True,7.7,79.3,uploaded
959,2025-12-20,15:59,Kolkata,8,0,2,6,491.3,16.9,26.4,0.97,4,True,3.5,62.0,phone_camera
960,2025-03-16,08:37,Bangalore,10,5,4,1,1755.7,92.0,88.1,1.82,1,True,5.2,82.5,phone_camera
961,2025-11-02,21:56,Pune,11,0,1,10,280.0,58.2,76.6,3.67,4,False,1.1,62.7,uploaded
962,2025-12-11,06:29,Hyderabad,7,1,3,3,1566.3,111.1,27.1,0.96,1,True,1.8,66.2,phone_camera
963,2025-03-04,21:18,Chennai,7,7,0,0,1349.2,102.4,92.5,1.27,0,True,3.1,68.3,uploaded
964,2025-04-20,20:43,Kolkata,9,8,0,1,1780.5,114.9,29.8,2.35,0,True,6.7,65.1,uploaded
965,2025-06-21,06:04,Mumbai,6,2,2,2,319.5,76.0,80.2,3.33,1,False,1.9,61.7,fridge_cam
966,2025-01-03,18:23,Delhi,12,5,3,4,1224.7,63.7,45.3,3.87,2,False,3.5,78.2,webcam
967,2025-02-01,10:02,Pune,7,5,0,2,1570.2,65.5,70.0,0.51,1,True,2.7,81.1,uploaded
968,2025-02-05,09:51,Chennai,3,2,0,1,261.0,54.8,56.4,2.15,0,True,1.3,57.1,fridge_cam
969,2025-05-06,17:43,Delhi,11,6,2,3,1473.7,113.5,58.8,3.34,1,True,5.3,88.3,fridge_cam
970,2025-08-03,06:22,Kolkata,7,4,0,3,889.0,33.6,74.9,2.67,3,True,4.3,55.3,uploaded
971,2025-12-08,16:48,Hyderabad,7,7,0,0,1933.7,119.0,76.9,1.16,0,True,4.2,67.8,phone_camera
972,2025-08-01,07:19,Hyderabad,3,2,1,0,551.7,10.8,91.2,1.87,0,True,7.1,67.7,phone_camera
973,2025-12-10,12:35,Mumbai,11,2,7,2,480.8,100.1,77.2,1.06,0,False,1.4,85.5,phone_camera
974,2025-04-24,10:57,Mumbai,7,3,3,1,1742.3,17.8,87.2,1.94,1,False,3.5,82.3,webcam
975,2025-10-11,15:57,Chennai,6,4,0,2,1174.6,86.5,24.6,2.55,0,True,6.7,59.2,webcam
976,2025-04-02,17:48,Chennai,7,4,1,2,1251.0,15.9,63.6,3.63,0,False,1.3,75.3,uploaded
977,2025-07-17,15:42,Hyderabad,3,0,3,0,906.1,46.0,70.3,1.04,0,True,6.9,70.4,fridge_cam
978,2025-12-14,15:19,Mumbai,10,5,2,3,1246.4,64.4,45.6,0.8,1,True,6.6,59.6,uploaded
979,2025-05-05,11:48,Kolkata,10,4,4,2,511.6,56.7,24.4,3.86,1,True,2.3,82.7,fridge_cam
980,2025-02-23,15:11,Pune,12,8,3,1,239.2,110.7,36.7,1.61,1,False,5.4,59.2,fridge_cam
981,2025-09-13,12:24,Mumbai,3,2,0,1,1557.9,119.4,89.0,1.68,1,True,2.5,71.3,fridge_cam
982,2025-04-02,19:20,Hyderabad,10,7,3,0,840.9,25.7,86.2,2.01,0,False,7.5,77.0,uploaded
983,2025-06-22,21:14,Pune,12,9,0,3,251.4,36.9,56.9,2.29,2,True,7.4,78.4,fridge_cam
984,2025-07-18,20:26,Chennai,5,4,0,1,1323.3,60.6,21.8,1.89,0,False,7.6,67.4,webcam
985,2025-10-21,09:35,Hyderabad,3,3,0,0,922.6,93.1,85.5,3.6,0,False,4.9,76.3,webcam
986,2025-08-27,10:37,Bangalore,10,1,8,1,1827.0,100.6,74.7,3.59,0,True,3.5,69.2,fridge_cam
987,2025-01-12,08:49,Chennai,5,0,3,2,926.8,94.5,56.1,2.64,1,False,2.7,81.7,uploaded
988,2025-10-27,15:45,Bangalore,11,2,1,8,350.4,90.8,71.9,2.83,2,False,5.9,56.1,uploaded
989,2025-08-12,10:07,Mumbai,6,1,2,3,632.2,13.9,93.6,3.51,0,False,3.9,63.8,phone_camera
990,2025-02-24,07:41,Pune,4,3,0,1,703.7,118.4,35.7,3.35,0,False,6.3,80.6,webcam
991,2025-09-28,12:22,Chennai,4,4,0,0,1428.6,43.1,42.1,2.67,0,True,2.6,58.3,fridge_cam
992,2025-10-19,21:12,Delhi,7,7,0,0,1681.6,36.0,68.8,3.3,0,False,5.8,70.7,uploaded
993,2025-11-18,18:44,Mumbai,7,7,0,0,1333.9,39.7,50.7,2.91,0,True,3.1,66.7,phone_camera
994,2025-11-01,20:53,Mumbai,12,4,8,0,1605.9,100.0,53.0,2.36,0,False,5.7,73.1,fridge_cam
995,2025-03-05,11:28,Pune,11,4,0,7,1070.2,51.7,20.4,0.84,0,False,6.3,85.6,phone_camera
996,2025-10-07,15:16,Delhi,8,2,3,3,831.6,113.3,73.4,2.56,3,False,4.4,77.4,webcam
997,2025-07-07,14:18,Mumbai,3,1,0,2,1701.8,63.9,21.5,2.85,1,True,3.3,85.6,fridge_cam
998,2025-08-08,16:13,Pune,7,2,1,4,664.6,103.9,29.4,1.59,4,False,4.6,88.8,phone_camera
999,2025-04-11,06:11,Mumbai,5,1,2,2,1005.1,59.1,68.8,2.74,0,True,2.6,63.9,webcam
1000,2025-06-17,21:56,Pune,6,3,0,3,1482.0,90.1,30.5,1.14,0,True,7.9,86.8,webcam
