waste_id,food_name,category,month,year,wasted_grams,wasted_calories,wasted_cost_inr,co2_kg,waste_reason,household_size,income_bracket,city,had_smart_fridge,prevented_by_ai
1,chickpeas,Legume,May,2024,156,255.8,5.38,0.157,quality_issue,1,low,Mumbai,False,True
2,egg,Protein,Jun,2024,154,120.1,25.87,0.602,forgotten,1,low,Chennai,False,False
3,tomato,Vegetable,May,2024,278,97.3,28.73,0.577,power_cut,4,medium,Hyderabad,False,False
4,chickpeas,Legume,Oct,2025,318,521.5,117.82,1.017,power_cut,5,high,Delhi,True,False
5,avocado,Fruit,Jun,2025,363,580.8,97.29,0.637,not_preferred,2,high,Mumbai,False,False
6,cheese,Dairy,Mar,2024,97,389.9,20.55,0.173,over_purchased,1,high,Pune,False,True
7,corn,Vegetable,May,2024,486,418.0,89.89,0.67,not_preferred,5,low,Hyderabad,True,True
8,bell_pepper,Vegetable,May,2025,132,40.9,39.69,0.275,forgotten,4,low,Kolkata,False,False
9,pasta,Grain,May,2024,293,644.6,21.13,1.361,quality_issue,4,medium,Pune,False,False
10,corn,Vegetable,Aug,2025,180,154.8,11.77,0.208,improper_storage,5,low,Bangalore,False,True
11,onion,Vegetable,Jul,2024,51,20.4,5.31,0.075,over_purchased,5,low,Mumbai,False,False
12,mushroom,Vegetable,Mar,2024,433,95.3,65.97,0.811,power_cut,6,low,Kolkata,True,False
13,salmon,Protein,Jun,2025,421,875.7,166.5,1.09,expired,4,medium,Pune,False,False
14,orange,Fruit,Apr,2024,85,52.7,11.14,0.391,quality_issue,3,medium,Chennai,False,False
15,cheese,Dairy,Dec,2024,408,1640.2,99.8,0.86,quality_issue,5,high,Mumbai,False,True
16,tuna,Protein,Aug,2024,51,67.3,16.77,0.169,forgotten,3,high,Pune,True,True
17,butter,Dairy,Dec,2025,478,3427.3,54.08,1.852,expired,6,high,Hyderabad,False,False
18,tofu,Protein,Aug,2025,135,102.6,48.29,0.208,not_preferred,5,medium,Mumbai,True,True
19,cauliflower,Vegetable,Oct,2025,32,8.0,7.26,0.156,improper_storage,3,low,Pune,True,False
20,walnut,Nut,Sep,2025,308,2014.3,66.0,1.47,expired,6,low,Pune,True,False
21,avocado,Fruit,Jan,2025,368,588.8,88.85,1.275,over_purchased,3,low,Hyderabad,True,False
22,lentils,Legume,Nov,2024,454,526.6,130.92,1.276,over_purchased,1,medium,Delhi,True,False
23,orange,Fruit,Jan,2025,159,98.6,12.48,0.716,over_purchased,3,low,Mumbai,True,False
24,yogurt,Dairy,Aug,2024,289,289.0,77.48,1.321,quality_issue,5,low,Chennai,True,False
25,zucchini,Vegetable,Oct,2024,349,59.3,46.12,1.595,power_cut,1,low,Delhi,True,False
26,carrot,Vegetable,Mar,2025,205,106.6,8.92,0.792,not_preferred,3,high,Pune,False,True
27,corn,Vegetable,Jan,2024,396,340.6,139.63,0.305,over_purchased,1,high,Bangalore,False,False
28,grape,Fruit,Oct,2025,137,94.5,51.17,0.539,quality_issue,6,medium,Hyderabad,True,True
29,cucumber,Vegetable,May,2024,142,22.7,39.5,0.597,improper_storage,6,high,Hyderabad,True,True
30,garlic,Vegetable,Sep,2025,291,433.6,100.09,0.47,power_cut,4,high,Pune,True,False
31,cream,Dairy,Sep,2025,367,1247.8,119.65,0.598,not_preferred,1,low,Chennai,True,True
32,spinach,Vegetable,Apr,2025,291,66.9,49.6,0.566,quality_issue,1,high,Bangalore,True,False
33,blueberry,Fruit,Apr,2025,115,65.5,17.67,0.246,quality_issue,1,low,Mumbai,False,True
34,lentils,Legume,Mar,2025,164,190.2,33.4,0.739,improper_storage,4,high,Delhi,False,False
35,strawberry,Fruit,Jul,2024,378,185.2,123.38,1.124,over_purchased,3,medium,Hyderabad,False,True
36,yogurt,Dairy,Jan,2024,445,445.0,160.29,0.871,quality_issue,4,medium,Hyderabad,False,False
37,cauliflower,Vegetable,Dec,2024,401,100.2,77.23,1.257,forgotten,3,high,Bangalore,False,True
38,tuna,Protein,Oct,2024,107,141.2,4.84,0.355,expired,2,medium,Pune,True,True
39,cream,Dairy,Nov,2025,473,1608.2,176.69,1.786,expired,6,medium,Pune,False,True
40,almond,Nut,Dec,2024,96,555.8,33.61,0.27,improper_storage,6,low,Bangalore,True,False
41,watermelon,Fruit,Jan,2025,281,84.3,53.48,0.795,power_cut,3,medium,Kolkata,True,False
42,tofu,Protein,May,2025,75,57.0,3.34,0.317,over_purchased,4,medium,Bangalore,False,True
43,tofu,Protein,Dec,2024,197,149.7,60.52,0.253,forgotten,2,high,Mumbai,True,True
44,kiwi,Fruit,Mar,2024,440,268.4,22.66,0.72,not_preferred,1,low,Bangalore,True,True
45,lettuce,Vegetable,Dec,2024,329,49.4,75.25,0.969,quality_issue,4,high,Chennai,True,True
46,avocado,Fruit,Oct,2024,102,163.2,15.71,0.245,quality_issue,6,medium,Pune,False,False
47,salmon,Protein,Nov,2024,3,6.2,0.18,0.009,power_cut,5,low,Chennai,True,False
48,avocado,Fruit,Aug,2025,107,171.2,20.79,0.406,over_purchased,6,low,Pune,False,True
49,chickpeas,Legume,Feb,2024,479,785.6,98.11,0.812,quality_issue,2,high,Mumbai,True,True
50,peas,Vegetable,Sep,2024,296,239.8,55.16,0.523,forgotten,4,high,Mumbai,True,True
51,egg,Protein,Apr,2024,7,5.5,1.99,0.026,forgotten,2,medium,Pune,False,True
52,tofu,Protein,May,2025,207,157.3,11.58,0.762,expired,6,medium,Chennai,False,False
53,peas,Vegetable,Feb,2024,44,35.6,16.07,0.162,power_cut,6,low,Chennai,False,False
54,tofu,Protein,Oct,2024,489,371.6,124.96,0.81,forgotten,2,low,Chennai,False,False
55,lentils,Legume,Nov,2024,346,401.4,77.29,1.048,quality_issue,1,low,Kolkata,True,True
56,apple,Fruit,Mar,2025,246,233.7,21.79,0.245,not_preferred,3,high,Bangalore,True,True
57,orange,Fruit,Jan,2024,319,197.8,114.64,0.559,expired,3,medium,Delhi,True,False
58,tomato,Vegetable,May,2024,248,86.8,34.2,0.385,not_preferred,4,high,Delhi,False,False
59,almond,Nut,Sep,2024,255,1476.4,11.74,0.334,forgotten,1,low,Hyderabad,True,False
60,zucchini,Vegetable,May,2024,467,79.4,25.85,2.041,expired,6,high,Bangalore,True,True
61,lettuce,Vegetable,Mar,2025,460,69.0,29.24,1.585,not_preferred,2,medium,Chennai,False,False
62,kiwi,Fruit,Jul,2025,54,32.9,2.74,0.112,forgotten,3,low,Hyderabad,False,False
63,mushroom,Vegetable,Feb,2025,426,93.7,118.85,1.209,improper_storage,4,high,Hyderabad,False,True
64,chicken,Protein,May,2024,490,1171.1,90.31,1.814,expired,5,medium,Delhi,True,True
65,orange,Fruit,Dec,2024,352,218.2,136.36,0.616,expired,5,high,Mumbai,False,True
66,kiwi,Fruit,Jul,2024,24,14.6,4.16,0.018,improper_storage,3,low,Delhi,True,True
67,strawberry,Fruit,Jun,2025,158,77.4,40.34,0.357,expired,4,high,Chennai,False,True
68,yogurt,Dairy,Nov,2024,153,153.0,41.0,0.468,over_purchased,4,high,Chennai,False,True
69,grape,Fruit,Sep,2025,388,267.7,52.24,0.501,expired,5,high,Kolkata,False,False
70,lemon,Fruit,Sep,2025,197,57.1,22.26,0.212,quality_issue,3,low,Mumbai,True,True
71,cucumber,Vegetable,Feb,2024,282,45.1,76.5,1.227,quality_issue,2,medium,Pune,False,True
72,banana,Fruit,Mar,2024,72,75.6,8.52,0.094,power_cut,3,low,Bangalore,True,False
73,cauliflower,Vegetable,Jun,2025,158,39.5,43.86,0.598,not_preferred,1,high,Kolkata,True,True
74,yogurt,Dairy,Feb,2025,201,201.0,69.46,0.31,improper_storage,2,medium,Kolkata,False,True
75,lentils,Legume,Nov,2024,155,179.8,38.19,0.128,not_preferred,3,medium,Pune,False,False
76,chickpeas,Legume,Apr,2024,146,239.4,39.55,0.473,quality_issue,2,low,Delhi,True,True
77,strawberry,Fruit,Sep,2024,341,167.1,94.14,1.574,over_purchased,5,low,Delhi,False,True
78,bell_pepper,Vegetable,Mar,2025,1,0.3,0.35,0.002,power_cut,5,high,Chennai,False,False
79,tuna,Protein,May,2024,32,42.2,12.39,0.108,not_preferred,4,low,Mumbai,True,True
80,pear,Fruit,Dec,2025,416,237.1,164.76,1.327,forgotten,6,medium,Delhi,False,False
81,pasta,Grain,Nov,2024,30,66.0,10.4,0.135,expired,3,low,Hyderabad,False,False
82,oats,Grain,Oct,2025,345,1342.1,83.95,1.232,improper_storage,1,low,Kolkata,True,False
83,corn,Vegetable,Oct,2024,166,142.8,9.65,0.197,over_purchased,3,medium,Chennai,True,True
84,pineapple,Fruit,Sep,2024,373,186.5,47.81,1.39,power_cut,3,low,Chennai,False,False
85,zucchini,Vegetable,Nov,2024,403,68.5,23.34,1.423,improper_storage,1,high,Chennai,True,True
86,zucchini,Vegetable,Oct,2025,412,70.0,49.19,1.735,quality_issue,2,low,Chennai,False,False
87,avocado,Fruit,Aug,2025,333,532.8,103.77,1.43,not_preferred,2,low,Bangalore,False,True
88,cream,Dairy,Mar,2025,192,652.8,12.87,0.224,quality_issue,1,high,Pune,True,True
89,lemon,Fruit,Jun,2024,160,46.4,38.77,0.419,quality_issue,5,low,Delhi,True,True
90,pear,Fruit,Jan,2025,74,42.2,17.57,0.354,over_purchased,3,high,Bangalore,False,True
91,avocado,Fruit,Jan,2024,177,283.2,10.62,0.52,quality_issue,4,medium,Mumbai,True,False
92,beef,Protein,Feb,2025,71,177.5,25.03,0.258,over_purchased,6,low,Pune,False,False
93,cheese,Dairy,Nov,2025,239,960.8,64.65,1.116,improper_storage,5,high,Kolkata,True,True
94,apple,Fruit,Jun,2025,177,168.2,29.46,0.12,not_preferred,1,medium,Kolkata,False,True
95,almond,Nut,Oct,2025,378,2188.6,43.65,0.628,over_purchased,5,low,Delhi,True,False
96,butter,Dairy,Aug,2024,240,1720.8,33.19,0.321,quality_issue,1,medium,Pune,True,True
97,salmon,Protein,Feb,2024,10,20.8,1.14,0.004,power_cut,2,high,Chennai,True,False
98,pineapple,Fruit,Oct,2025,329,164.5,46.35,0.859,over_purchased,5,medium,Mumbai,True,False
99,kiwi,Fruit,Apr,2024,129,78.7,28.02,0.487,over_purchased,3,low,Delhi,False,False
100,bell_pepper,Vegetable,Apr,2024,456,141.4,73.5,1.836,forgotten,5,high,Hyderabad,True,False
101,orange,Fruit,Jun,2024,119,73.8,45.29,0.401,power_cut,4,low,Kolkata,True,False
102,cheese,Dairy,May,2024,62,249.2,8.92,0.084,over_purchased,5,medium,Bangalore,False,True
103,walnut,Nut,Sep,2025,466,3047.6,122.91,2.13,not_preferred,2,low,Mumbai,True,True
104,butter,Dairy,Jan,2025,114,817.4,35.66,0.437,improper_storage,5,medium,Mumbai,True,False
105,tofu,Protein,Sep,2025,149,113.2,6.04,0.311,over_purchased,5,low,Delhi,False,True
106,peach,Fruit,Sep,2024,120,46.8,35.62,0.176,expired,5,medium,Pune,False,True
107,cucumber,Vegetable,Nov,2024,382,61.1,107.81,0.281,forgotten,4,low,Bangalore,False,True
108,beef,Protein,Sep,2024,293,732.5,36.89,0.474,expired,6,low,Kolkata,True,False
109,walnut,Nut,May,2025,19,124.3,3.43,0.085,quality_issue,1,low,Mumbai,False,False
110,zucchini,Vegetable,Mar,2025,96,16.3,31.17,0.14,expired,3,medium,Kolkata,False,True
111,spinach,Vegetable,Nov,2025,322,74.1,75.12,1.461,expired,4,medium,Pune,True,True
112,almond,Nut,Nov,2024,230,1331.7,84.79,0.679,forgotten,5,medium,Bangalore,False,True
113,cream,Dairy,Feb,2024,324,1101.6,53.56,0.257,over_purchased,5,low,Kolkata,False,False
114,cucumber,Vegetable,Oct,2024,336,53.8,66.35,0.69,over_purchased,3,low,Bangalore,False,True
115,avocado,Fruit,May,2024,243,388.8,82.07,0.984,improper_storage,3,low,Bangalore,True,True
116,mango,Fruit,Nov,2024,149,89.4,26.2,0.082,expired,5,medium,Hyderabad,True,True
117,carrot,Vegetable,Apr,2024,87,45.2,27.44,0.388,improper_storage,2,low,Chennai,True,False
118,onion,Vegetable,Aug,2025,352,140.8,52.21,1.756,over_purchased,6,medium,Hyderabad,True,False
119,corn,Vegetable,Jul,2024,251,215.9,28.69,1.191,expired,5,low,Delhi,True,True
120,yogurt,Dairy,Oct,2024,303,303.0,60.22,0.489,expired,6,high,Mumbai,False,False
121,broccoli,Vegetable,Jun,2024,243,133.7,79.68,0.758,forgotten,5,high,Kolkata,False,False
122,peach,Fruit,Dec,2025,409,159.5,28.19,0.747,forgotten,2,medium,Bangalore,True,True
123,peas,Vegetable,Feb,2024,376,304.6,77.73,0.272,improper_storage,4,medium,Bangalore,True,True
124,blueberry,Fruit,Aug,2025,61,34.8,17.67,0.203,quality_issue,5,medium,Kolkata,True,False
125,carrot,Vegetable,May,2025,249,129.5,51.61,0.283,not_preferred,2,low,Bangalore,False,False
126,salmon,Protein,Mar,2025,51,106.1,14.66,0.048,improper_storage,2,high,Bangalore,True,False
127,avocado,Fruit,Mar,2024,19,30.4,0.84,0.047,power_cut,6,low,Pune,True,False
128,milk,Dairy,Jun,2025,256,381.4,54.15,0.323,quality_issue,2,high,Mumbai,True,True
129,yogurt,Dairy,Dec,2025,486,486.0,96.19,2.197,expired,2,medium,Pune,False,False
130,avocado,Fruit,Jun,2025,168,268.8,51.03,0.143,expired,2,medium,Delhi,False,False
131,apple,Fruit,May,2025,18,17.1,4.67,0.043,quality_issue,6,high,Mumbai,True,False
132,olive_oil,Oil,Jul,2024,478,4225.5,164.42,0.366,not_preferred,6,high,Hyderabad,True,False
133,chicken,Protein,Jul,2024,454,1085.1,161.3,1.351,power_cut,6,medium,Pune,False,False
134,zucchini,Vegetable,Apr,2025,423,71.9,79.63,1.366,improper_storage,2,medium,Mumbai,False,True
135,banana,Fruit,May,2024,404,424.2,132.01,0.807,expired,6,high,Delhi,True,True
136,yogurt,Dairy,Feb,2025,118,118.0,37.63,0.354,expired,3,low,Kolkata,True,True
137,rice,Grain,Nov,2025,240,494.4,60.24,1.183,improper_storage,1,high,Mumbai,False,False
138,lentils,Legume,Sep,2024,35,40.6,6.41,0.053,forgotten,2,high,Chennai,True,True
139,pear,Fruit,Feb,2025,347,197.8,49.04,1.476,improper_storage,3,low,Bangalore,False,False
140,corn,Vegetable,Aug,2024,209,179.7,83.04,0.897,over_purchased,3,low,Hyderabad,True,True
141,walnut,Nut,Dec,2025,292,1909.7,27.73,1.44,quality_issue,1,high,Hyderabad,True,True
142,olive_oil,Oil,May,2025,202,1785.7,72.59,0.134,improper_storage,4,medium,Delhi,True,False
143,kiwi,Fruit,Jan,2025,429,261.7,62.89,1.243,over_purchased,1,high,Kolkata,False,False
144,cauliflower,Vegetable,May,2025,79,19.8,3.78,0.254,improper_storage,6,medium,Kolkata,True,False
145,cauliflower,Vegetable,Feb,2024,367,91.8,91.68,0.543,improper_storage,6,medium,Bangalore,True,False
146,avocado,Fruit,Jan,2024,450,720.0,132.52,1.671,expired,4,high,Bangalore,False,False
147,potato,Vegetable,Jan,2024,482,371.1,133.69,0.263,forgotten,6,low,Pune,False,False
148,olive_oil,Oil,Jun,2025,66,583.4,7.28,0.072,forgotten,2,low,Chennai,False,True
149,peach,Fruit,Mar,2024,133,51.9,51.81,0.449,improper_storage,2,high,Chennai,True,False
150,carrot,Vegetable,Feb,2024,416,216.3,112.02,0.176,over_purchased,2,high,Kolkata,False,False
151,carrot,Vegetable,Aug,2025,178,92.6,15.83,0.634,expired,3,medium,Pune,True,False
152,lettuce,Vegetable,Oct,2024,434,65.1,109.68,0.79,not_preferred,4,low,Hyderabad,False,False
153,oats,Grain,Nov,2024,498,1937.2,105.42,0.288,quality_issue,6,low,Delhi,True,True
154,corn,Vegetable,Sep,2025,51,43.9,7.18,0.21,power_cut,5,high,Hyderabad,False,False
155,zucchini,Vegetable,Jul,2024,20,3.4,5.04,0.061,expired,5,high,Mumbai,True,False
156,watermelon,Fruit,Feb,2024,30,9.0,3.76,0.091,improper_storage,2,high,Bangalore,False,False
157,cream,Dairy,Dec,2025,489,1662.6,125.83,2.161,improper_storage,5,medium,Hyderabad,True,True
158,salmon,Protein,Aug,2024,51,106.1,4.21,0.208,not_preferred,3,low,Pune,False,False
159,watermelon,Fruit,Jun,2024,368,110.4,105.35,1.311,power_cut,6,medium,Mumbai,False,False
160,rice,Grain,Dec,2025,487,1003.2,24.31,1.447,improper_storage,2,low,Hyderabad,True,True
161,carrot,Vegetable,Apr,2024,463,240.8,29.38,1.592,not_preferred,6,high,Bangalore,False,False
162,pineapple,Fruit,Apr,2024,401,200.5,13.21,0.618,forgotten,1,low,Pune,False,False
163,cream,Dairy,Apr,2025,192,652.8,18.13,0.877,forgotten,5,medium,Hyderabad,True,True
164,lettuce,Vegetable,Aug,2025,439,65.8,40.33,0.324,over_purchased,4,medium,Delhi,False,True
165,peach,Fruit,Feb,2025,359,140.0,52.84,1.303,over_purchased,4,low,Bangalore,True,True
166,pear,Fruit,Aug,2024,143,81.5,16.25,0.121,power_cut,3,medium,Kolkata,False,False
167,pineapple,Fruit,Dec,2024,236,118.0,30.99,0.324,quality_issue,6,low,Chennai,False,False
168,butter,Dairy,Apr,2025,138,989.5,10.46,0.333,improper_storage,1,medium,Hyderabad,False,False
169,carrot,Vegetable,Apr,2024,59,30.7,6.73,0.232,improper_storage,6,low,Kolkata,False,True
170,egg,Protein,Oct,2024,484,377.5,129.28,1.462,forgotten,1,high,Mumbai,True,True
171,walnut,Nut,Nov,2025,114,745.6,12.15,0.283,over_purchased,6,low,Mumbai,False,True
172,cheese,Dairy,Mar,2025,84,337.7,21.77,0.102,improper_storage,2,medium,Delhi,True,True
173,chicken,Protein,Nov,2024,189,451.7,63.45,0.603,quality_issue,5,high,Delhi,False,False
174,cheese,Dairy,Jan,2024,319,1282.4,94.63,0.275,not_preferred,4,high,Bangalore,True,False
175,cream,Dairy,Dec,2025,474,1611.6,91.59,1.076,over_purchased,6,low,Mumbai,True,False
176,salmon,Protein,Mar,2024,429,892.3,154.71,2.004,not_preferred,1,low,Pune,False,True
177,orange,Fruit,Jul,2025,203,125.9,70.43,0.38,not_preferred,6,high,Pune,False,False
178,walnut,Nut,Mar,2024,53,346.6,5.73,0.034,not_preferred,6,high,Pune,True,True
179,broccoli,Vegetable,Jun,2024,86,47.3,29.66,0.248,quality_issue,3,medium,Hyderabad,False,False
180,tofu,Protein,Sep,2025,427,324.5,69.32,2.065,expired,3,medium,Hyderabad,False,True
181,potato,Vegetable,Sep,2025,293,225.6,14.24,0.419,not_preferred,5,high,Hyderabad,False,False
182,olive_oil,Oil,Jul,2024,143,1264.1,48.99,0.309,forgotten,5,high,Delhi,False,True
183,onion,Vegetable,Sep,2024,347,138.8,93.06,0.276,power_cut,2,low,Kolkata,False,False
184,cauliflower,Vegetable,Feb,2025,255,63.7,25.95,0.715,power_cut,2,low,Mumbai,True,False
185,kiwi,Fruit,Aug,2024,103,62.8,39.43,0.417,improper_storage,3,low,Hyderabad,False,True
186,onion,Vegetable,Mar,2025,119,47.6,27.38,0.092,not_preferred,5,high,Chennai,True,True
187,garlic,Vegetable,Sep,2025,112,166.9,41.54,0.107,over_purchased,6,high,Chennai,False,True
188,mushroom,Vegetable,Mar,2024,88,19.4,18.47,0.1,expired,1,high,Kolkata,False,False
189,rice,Grain,Jun,2024,139,286.3,20.12,0.643,not_preferred,2,high,Delhi,False,True
190,banana,Fruit,Feb,2024,347,364.4,99.16,0.738,power_cut,4,low,Mumbai,False,False
191,cheese,Dairy,Jan,2025,347,1394.9,84.95,1.317,forgotten,1,high,Delhi,False,True
192,zucchini,Vegetable,Jan,2024,97,16.5,33.96,0.107,over_purchased,6,low,Pune,False,True
193,spinach,Vegetable,Aug,2025,155,35.6,57.66,0.121,expired,4,high,Pune,True,False
194,cherry,Fruit,Jan,2024,204,102.0,11.35,0.384,not_preferred,2,high,Chennai,False,True
195,orange,Fruit,Jul,2025,467,289.5,41.56,2.284,power_cut,4,medium,Delhi,False,False
196,spinach,Vegetable,Sep,2024,204,46.9,73.7,0.988,not_preferred,4,low,Mumbai,True,True
197,chicken,Protein,Jun,2024,144,344.2,32.18,0.107,power_cut,1,high,Hyderabad,True,False
198,tofu,Protein,Feb,2025,268,203.7,54.86,1.326,expired,4,low,Hyderabad,False,True
199,bread,Grain,Oct,2024,361,956.6,32.68,1.292,forgotten,3,medium,Bangalore,True,True
200,lettuce,Vegetable,Jun,2024,496,74.4,141.48,1.054,forgotten,5,high,Pune,True,True
201,blueberry,Fruit,Oct,2025,396,225.7,50.68,0.488,improper_storage,6,high,Delhi,False,False
202,kiwi,Fruit,Oct,2024,485,295.8,41.2,1.267,over_purchased,5,low,Pune,True,True
203,avocado,Fruit,Feb,2025,70,112.0,10.02,0.023,improper_storage,6,high,Pune,False,False
204,banana,Fruit,Aug,2025,183,192.2,32.31,0.754,forgotten,3,low,Delhi,False,False
205,pasta,Grain,Jul,2024,268,589.6,24.69,0.186,not_preferred,2,medium,Mumbai,True,True
206,walnut,Nut,Jul,2024,173,1131.4,41.06,0.09,over_purchased,1,high,Bangalore,False,False
207,mushroom,Vegetable,Mar,2025,24,5.3,3.38,0.041,over_purchased,1,medium,Mumbai,False,False
208,potato,Vegetable,May,2025,79,60.8,14.72,0.347,expired,3,low,Chennai,True,False
209,peach,Fruit,Dec,2024,156,60.8,31.41,0.335,improper_storage,3,high,Mumbai,True,True
210,tuna,Protein,May,2025,360,475.2,74.82,1.003,improper_storage,4,medium,Kolkata,True,False
211,milk,Dairy,Dec,2024,372,554.3,77.44,1.49,over_purchased,3,low,Bangalore,False,True
212,pear,Fruit,Feb,2024,433,246.8,99.31,1.13,improper_storage,6,high,Mumbai,False,True
213,peach,Fruit,Sep,2025,143,55.8,48.45,0.435,not_preferred,4,high,Hyderabad,False,True
214,beef,Protein,Sep,2024,159,397.5,45.54,0.075,quality_issue,2,medium,Delhi,False,True
215,chickpeas,Legume,Aug,2024,5,8.2,0.69,0.002,improper_storage,2,medium,Kolkata,False,False
216,butter,Dairy,Aug,2024,36,258.1,1.48,0.155,over_purchased,4,medium,Bangalore,True,False
217,cucumber,Vegetable,Feb,2025,35,5.6,13.09,0.015,over_purchased,2,high,Chennai,False,False
218,walnut,Nut,Jul,2025,153,1000.6,30.89,0.394,expired,2,low,Pune,True,True
219,cherry,Fruit,Jun,2024,194,97.0,14.83,0.963,improper_storage,6,high,Chennai,True,False
220,cream,Dairy,Apr,2025,303,1030.2,46.2,0.642,forgotten,3,low,Delhi,True,True
221,beef,Protein,Jul,2024,9,22.5,1.31,0.026,power_cut,6,high,Delhi,False,False
222,lemon,Fruit,Jan,2024,148,42.9,49.18,0.078,not_preferred,3,medium,Kolkata,True,True
223,chickpeas,Legume,Jun,2024,204,334.6,54.63,0.794,expired,5,medium,Hyderabad,True,False
224,kiwi,Fruit,Jun,2024,296,180.6,78.94,0.997,expired,2,low,Delhi,False,True
225,peach,Fruit,Jul,2024,56,21.8,3.9,0.16,improper_storage,2,high,Hyderabad,True,True
226,carrot,Vegetable,Jul,2024,314,163.3,68.19,0.675,over_purchased,6,medium,Hyderabad,True,False
227,carrot,Vegetable,Feb,2024,345,179.4,106.09,1.236,improper_storage,3,low,Hyderabad,True,True
228,potato,Vegetable,May,2024,198,152.5,61.75,0.849,over_purchased,3,medium,Pune,False,True
229,grape,Fruit,Sep,2025,119,82.1,16.53,0.115,improper_storage,3,medium,Bangalore,True,True
230,olive_oil,Oil,Feb,2025,168,1485.1,63.06,0.365,quality_issue,1,high,Bangalore,False,True
231,garlic,Vegetable,Jan,2024,224,333.8,49.1,0.961,improper_storage,4,high,Mumbai,False,True
232,spinach,Vegetable,May,2024,383,88.1,100.53,0.524,improper_storage,2,medium,Hyderabad,False,True
233,cheese,Dairy,Jul,2025,103,414.1,3.57,0.43,power_cut,4,medium,Kolkata,True,False
234,mango,Fruit,Jun,2025,243,145.8,33.56,0.498,improper_storage,2,high,Bangalore,False,False
235,avocado,Fruit,May,2024,352,563.2,83.16,1.21,power_cut,3,medium,Bangalore,False,False
236,onion,Vegetable,Aug,2024,485,194.0,146.71,2.108,not_preferred,5,low,Delhi,False,False
237,chicken,Protein,Sep,2024,480,1147.2,120.18,1.202,forgotten,3,medium,Chennai,True,True
238,lemon,Fruit,Aug,2025,404,117.2,105.86,1.748,not_preferred,2,high,Chennai,False,False
239,olive_oil,Oil,Oct,2025,308,2722.7,66.15,1.499,not_preferred,4,high,Bangalore,False,False
240,beef,Protein,Feb,2024,464,1160.0,84.06,2.287,improper_storage,6,medium,Delhi,True,False
241,strawberry,Fruit,Nov,2025,297,145.5,56.41,1.465,power_cut,6,medium,Chennai,True,False
242,cheese,Dairy,May,2025,161,647.2,29.8,0.213,not_preferred,1,medium,Chennai,True,True
243,strawberry,Fruit,Mar,2025,301,147.5,20.31,0.632,not_preferred,5,medium,Hyderabad,False,False
244,peach,Fruit,Dec,2024,395,154.1,125.21,1.582,power_cut,2,low,Kolkata,True,False
245,potato,Vegetable,Oct,2025,472,363.4,50.48,1.233,expired,5,low,Delhi,True,False
246,beef,Protein,Jan,2025,256,640.0,97.26,0.984,expired,4,high,Pune,False,True
247,mushroom,Vegetable,Oct,2024,234,51.5,17.46,0.478,improper_storage,6,medium,Pune,False,True
248,watermelon,Fruit,Nov,2025,80,24.0,20.71,0.38,forgotten,6,medium,Delhi,True,False
249,broccoli,Vegetable,Jan,2024,197,108.3,7.9,0.694,over_purchased,4,high,Pune,False,False
250,peach,Fruit,May,2025,280,109.2,42.76,0.347,expired,3,medium,Pune,False,False
251,tuna,Protein,Dec,2024,93,122.8,7.95,0.405,not_preferred,1,medium,Kolkata,False,False
252,rice,Grain,Mar,2024,231,475.9,33.07,0.195,over_purchased,1,high,Pune,True,True
253,spinach,Vegetable,Sep,2025,484,111.3,40.29,1.777,quality_issue,2,low,Bangalore,True,False
254,chickpeas,Legume,Jan,2024,219,359.2,40.42,1.089,quality_issue,4,high,Bangalore,True,True
255,orange,Fruit,Jan,2025,489,303.2,93.15,0.397,forgotten,4,high,Delhi,True,False
256,garlic,Vegetable,Nov,2024,309,460.4,78.92,0.096,quality_issue,4,high,Bangalore,False,True
257,avocado,Fruit,Mar,2024,216,345.6,70.3,0.778,forgotten,5,medium,Kolkata,True,True
258,lemon,Fruit,Jun,2024,51,14.8,6.01,0.02,quality_issue,5,medium,Kolkata,True,False
259,cheese,Dairy,Feb,2025,281,1129.6,28.62,0.473,power_cut,4,low,Kolkata,True,False
260,carrot,Vegetable,Aug,2025,356,185.1,69.15,0.133,quality_issue,2,medium,Delhi,False,True
261,pasta,Grain,Jul,2024,497,1093.4,100.8,1.011,improper_storage,5,medium,Mumbai,True,True
262,peach,Fruit,Jun,2024,500,195.0,58.63,2.35,power_cut,1,high,Kolkata,False,False
263,potato,Vegetable,Feb,2025,42,32.3,1.88,0.051,not_preferred,3,high,Pune,True,False
264,blueberry,Fruit,Dec,2025,193,110.0,53.56,0.674,not_preferred,6,low,Pune,True,True
265,butter,Dairy,Jan,2025,274,1964.6,29.91,0.957,power_cut,3,high,Hyderabad,True,False
266,corn,Vegetable,Feb,2024,340,292.4,122.73,1.441,power_cut,1,medium,Mumbai,True,False
267,orange,Fruit,Jun,2024,490,303.8,116.47,1.496,not_preferred,4,low,Chennai,True,False
268,corn,Vegetable,Mar,2025,179,153.9,62.92,0.467,forgotten,1,low,Hyderabad,False,False
269,chickpeas,Legume,May,2024,12,19.7,3.47,0.058,power_cut,1,low,Pune,False,False
270,beef,Protein,May,2024,309,772.5,81.12,0.364,forgotten,6,medium,Delhi,False,True
271,lentils,Legume,Jun,2024,380,440.8,67.64,1.768,expired,6,low,Mumbai,True,False
272,potato,Vegetable,Feb,2024,358,275.7,100.19,1.486,improper_storage,6,high,Mumbai,False,False
273,tofu,Protein,Feb,2024,301,228.8,22.26,0.401,not_preferred,6,medium,Mumbai,False,False
274,potato,Vegetable,Mar,2024,376,289.5,19.71,0.721,power_cut,5,high,Chennai,False,False
275,pineapple,Fruit,Sep,2025,413,206.5,158.38,1.948,expired,1,low,Delhi,True,False
276,zucchini,Vegetable,Jan,2025,441,75.0,45.25,2.169,forgotten,4,low,Pune,True,False
277,garlic,Vegetable,Aug,2024,291,433.6,91.25,0.881,over_purchased,4,high,Mumbai,False,True
278,salmon,Protein,Oct,2024,0,0.0,0.0,0.0,quality_issue,1,high,Bangalore,True,True
279,rice,Grain,Dec,2024,116,239.0,24.09,0.134,improper_storage,4,medium,Chennai,False,False
280,pear,Fruit,May,2024,418,238.3,89.49,0.422,quality_issue,1,low,Bangalore,True,True
281,banana,Fruit,Mar,2024,273,286.6,29.05,0.787,not_preferred,5,low,Delhi,True,True
282,chicken,Protein,Feb,2025,121,289.2,27.62,0.509,over_purchased,2,low,Pune,True,True
283,avocado,Fruit,Oct,2025,27,43.2,5.62,0.037,forgotten,2,high,Hyderabad,False,True
284,butter,Dairy,Jan,2025,230,1649.1,86.03,0.148,quality_issue,2,low,Hyderabad,False,False
285,yogurt,Dairy,Dec,2025,459,459.0,17.59,1.405,expired,6,high,Bangalore,False,False
286,peach,Fruit,Oct,2025,367,143.1,73.55,0.898,expired,5,medium,Mumbai,False,True
287,olive_oil,Oil,Jun,2025,300,2652.0,77.57,0.183,power_cut,1,low,Chennai,False,False
288,bread,Grain,Jun,2024,332,879.8,42.04,0.938,quality_issue,5,medium,Delhi,False,True
289,pasta,Grain,Jun,2025,114,250.8,12.07,0.171,forgotten,3,low,Chennai,True,True
290,zucchini,Vegetable,Aug,2025,49,8.3,19.54,0.22,quality_issue,5,medium,Mumbai,True,False
291,salmon,Protein,Oct,2025,427,888.2,112.5,1.706,quality_issue,3,high,Kolkata,False,True
292,egg,Protein,Jun,2025,381,297.2,74.66,0.356,not_preferred,4,medium,Bangalore,False,True
293,yogurt,Dairy,Jul,2024,388,388.0,153.42,0.332,improper_storage,3,low,Mumbai,False,False
294,butter,Dairy,Nov,2024,40,286.8,13.15,0.147,expired,4,low,Chennai,False,False
295,olive_oil,Oil,Feb,2025,145,1281.8,26.96,0.567,forgotten,5,high,Chennai,False,True
296,potato,Vegetable,Aug,2024,147,113.2,37.91,0.537,expired,6,medium,Delhi,False,True
297,salmon,Protein,Mar,2024,353,734.2,59.79,1.486,not_preferred,6,low,Bangalore,False,True
298,tuna,Protein,Sep,2025,7,9.2,0.51,0.024,not_preferred,2,medium,Mumbai,False,False
299,cauliflower,Vegetable,Nov,2025,61,15.2,15.36,0.036,quality_issue,4,low,Pune,True,False
300,onion,Vegetable,Apr,2024,98,39.2,15.27,0.331,power_cut,6,medium,Mumbai,False,False
301,pasta,Grain,Feb,2024,308,677.6,114.97,1.139,over_purchased,2,low,Chennai,False,False
302,broccoli,Vegetable,Oct,2024,100,55.0,7.94,0.116,improper_storage,3,medium,Chennai,False,False
303,egg,Protein,Aug,2025,264,205.9,85.29,0.894,improper_storage,2,low,Delhi,True,False
304,pineapple,Fruit,Aug,2024,257,128.5,56.47,0.897,forgotten,6,medium,Pune,False,False
305,peas,Vegetable,Oct,2024,144,116.6,53.83,0.286,forgotten,5,medium,Chennai,True,False
306,cheese,Dairy,Jun,2025,221,888.4,83.13,0.483,quality_issue,3,low,Bangalore,False,False
307,blueberry,Fruit,Oct,2024,174,99.2,19.18,0.474,improper_storage,1,high,Hyderabad,True,True
308,mango,Fruit,Feb,2024,331,198.6,91.81,0.941,forgotten,5,high,Pune,True,True
309,peach,Fruit,Nov,2025,18,7.0,5.17,0.074,improper_storage,4,low,Pune,True,False
310,pasta,Grain,Jul,2024,63,138.6,11.4,0.033,power_cut,5,low,Kolkata,True,False
311,olive_oil,Oil,Jul,2025,372,3288.5,138.72,1.433,not_preferred,1,high,Bangalore,False,True
312,garlic,Vegetable,Jan,2025,381,567.7,139.92,1.031,over_purchased,6,medium,Bangalore,True,False
313,strawberry,Fruit,May,2025,120,58.8,39.45,0.325,power_cut,3,low,Bangalore,True,False
314,pear,Fruit,Apr,2024,84,47.9,33.08,0.149,improper_storage,4,medium,Kolkata,True,True
315,avocado,Fruit,Feb,2025,171,273.6,14.42,0.774,not_preferred,6,high,Pune,True,True
316,pineapple,Fruit,Feb,2024,436,218.0,103.12,2.094,power_cut,1,high,Delhi,True,False
317,banana,Fruit,Nov,2024,79,83.0,15.62,0.25,over_purchased,3,medium,Kolkata,False,True
318,lentils,Legume,Jan,2025,170,197.2,28.81,0.245,forgotten,4,high,Pune,False,False
319,yogurt,Dairy,Nov,2025,269,269.0,41.59,0.417,over_purchased,3,medium,Hyderabad,True,False
320,carrot,Vegetable,Aug,2024,206,107.1,70.17,0.997,not_preferred,2,low,Chennai,True,True
321,chickpeas,Legume,Jul,2024,3,4.9,0.39,0.002,quality_issue,2,medium,Pune,True,False
322,tomato,Vegetable,Mar,2024,381,133.3,102.42,0.198,expired,5,medium,Chennai,True,True
323,orange,Fruit,Nov,2024,69,42.8,17.07,0.064,improper_storage,5,medium,Pune,False,True
324,lettuce,Vegetable,Apr,2025,197,29.6,31.27,0.824,quality_issue,1,medium,Chennai,False,True
325,bread,Grain,Dec,2025,337,893.1,69.32,1.314,improper_storage,1,medium,Mumbai,False,True
326,cucumber,Vegetable,Mar,2024,179,28.6,54.52,0.414,forgotten,6,high,Pune,False,False
327,walnut,Nut,Aug,2025,473,3093.4,84.99,0.221,power_cut,5,low,Hyderabad,True,False
328,rice,Grain,Sep,2024,78,160.7,13.32,0.246,over_purchased,3,low,Delhi,True,False
329,tuna,Protein,Sep,2025,422,557.0,156.08,0.239,over_purchased,3,medium,Chennai,False,False
330,chicken,Protein,Jun,2025,188,449.3,24.48,0.297,not_preferred,6,high,Hyderabad,False,False
331,garlic,Vegetable,Mar,2024,188,280.1,35.44,0.832,expired,3,low,Chennai,True,False
332,lemon,Fruit,Nov,2024,91,26.4,23.35,0.405,expired,3,low,Bangalore,False,True
333,beef,Protein,Mar,2024,367,917.5,121.05,0.404,expired,4,low,Kolkata,True,True
334,beef,Protein,Sep,2024,153,382.5,17.18,0.171,expired,3,low,Pune,False,False
335,cauliflower,Vegetable,Nov,2024,372,93.0,81.64,0.481,expired,4,low,Mumbai,True,False
336,avocado,Fruit,Dec,2024,161,257.6,34.2,0.531,improper_storage,5,medium,Bangalore,False,False
337,yogurt,Dairy,Nov,2025,465,465.0,159.56,0.926,quality_issue,2,medium,Hyderabad,False,True
338,cucumber,Vegetable,Feb,2025,165,26.4,43.74,0.529,over_purchased,3,low,Delhi,True,False
339,grape,Fruit,Apr,2024,147,101.4,17.46,0.385,over_purchased,5,high,Delhi,False,True
340,mushroom,Vegetable,May,2024,435,95.7,55.4,0.373,over_purchased,3,high,Kolkata,True,False
341,beef,Protein,Aug,2024,98,245.0,11.94,0.258,quality_issue,1,medium,Delhi,True,True
342,mushroom,Vegetable,May,2025,103,22.7,24.92,0.283,over_purchased,1,high,Delhi,True,False
343,onion,Vegetable,Aug,2025,122,48.8,25.45,0.522,over_purchased,6,high,Chennai,False,False
344,egg,Protein,Sep,2024,120,93.6,44.0,0.067,expired,3,medium,Chennai,True,False
345,garlic,Vegetable,Feb,2025,185,275.7,23.47,0.482,expired,2,high,Delhi,True,True
346,bread,Grain,Apr,2025,103,272.9,19.39,0.149,power_cut,1,low,Chennai,True,False
347,banana,Fruit,Jan,2025,137,143.9,21.64,0.526,power_cut,4,low,Bangalore,False,False
348,cherry,Fruit,Oct,2025,464,232.0,66.52,1.403,expired,4,medium,Mumbai,False,True
349,peas,Vegetable,Aug,2025,192,155.5,67.28,0.395,over_purchased,2,high,Hyderabad,True,False
350,onion,Vegetable,Apr,2024,172,68.8,45.74,0.207,forgotten,1,high,Pune,True,True
351,tofu,Protein,Feb,2024,79,60.0,22.42,0.29,power_cut,6,low,Mumbai,False,False
352,milk,Dairy,Jan,2024,97,144.5,36.24,0.47,power_cut,4,high,Bangalore,True,False
353,chicken,Protein,Jan,2025,353,843.7,63.22,1.392,improper_storage,4,medium,Hyderabad,False,True
354,cherry,Fruit,Sep,2024,480,240.0,30.1,0.867,power_cut,2,high,Chennai,True,False
355,cheese,Dairy,Feb,2025,71,285.4,22.84,0.224,expired,1,medium,Delhi,True,True
356,broccoli,Vegetable,May,2025,192,105.6,74.18,0.524,power_cut,6,low,Hyderabad,False,False
357,tomato,Vegetable,Mar,2025,303,106.0,44.58,0.397,improper_storage,6,high,Chennai,True,False
358,olive_oil,Oil,Oct,2025,118,1043.1,32.62,0.24,over_purchased,2,low,Chennai,True,True
359,avocado,Fruit,Oct,2024,18,28.8,1.62,0.015,quality_issue,4,high,Hyderabad,False,True
360,pineapple,Fruit,Jun,2025,251,125.5,28.81,0.494,quality_issue,3,low,Delhi,True,True
361,lentils,Legume,Feb,2025,477,553.3,172.93,2.045,improper_storage,2,medium,Kolkata,False,True
362,spinach,Vegetable,Dec,2024,156,35.9,17.76,0.409,not_preferred,3,high,Kolkata,True,True
363,banana,Fruit,Nov,2025,256,268.8,11.49,0.837,forgotten,3,high,Chennai,True,False
364,pasta,Grain,Oct,2025,301,662.2,62.11,1.285,power_cut,4,medium,Mumbai,False,False
365,blueberry,Fruit,Aug,2024,251,143.1,38.99,0.329,improper_storage,1,medium,Kolkata,True,False
366,pear,Fruit,Aug,2024,183,104.3,33.26,0.386,forgotten,3,low,Kolkata,False,True
367,tuna,Protein,Jan,2024,30,39.6,1.18,0.126,not_preferred,2,medium,Mumbai,True,True
368,lemon,Fruit,Jul,2024,230,66.7,46.23,0.925,improper_storage,3,high,Hyderabad,False,False
369,cream,Dairy,Dec,2025,241,819.4,33.61,0.198,forgotten,5,medium,Mumbai,True,False
370,almond,Nut,Nov,2024,89,515.3,35.46,0.23,not_preferred,1,high,Hyderabad,False,True
371,pasta,Grain,Sep,2024,379,833.8,135.69,1.864,improper_storage,2,medium,Bangalore,True,False
372,watermelon,Fruit,Oct,2024,322,96.6,59.41,1.57,not_preferred,6,low,Bangalore,True,True
373,zucchini,Vegetable,Nov,2025,450,76.5,112.47,0.318,over_purchased,1,high,Bangalore,True,True
374,cherry,Fruit,Jan,2024,456,228.0,21.44,2.114,improper_storage,5,low,Pune,False,True
375,beef,Protein,May,2025,279,697.5,45.56,0.288,expired,6,high,Mumbai,False,False
376,lettuce,Vegetable,Nov,2025,483,72.5,162.15,2.14,not_preferred,4,medium,Bangalore,False,False
377,bell_pepper,Vegetable,Feb,2025,290,89.9,21.71,0.221,expired,2,low,Pune,True,True
378,onion,Vegetable,Sep,2024,452,180.8,139.92,0.891,power_cut,2,low,Bangalore,False,False
379,potato,Vegetable,Apr,2024,16,12.3,3.49,0.046,forgotten,2,medium,Chennai,True,True
380,pasta,Grain,Dec,2025,299,657.8,45.33,0.322,over_purchased,5,high,Kolkata,False,False
381,zucchini,Vegetable,Nov,2024,9,1.5,0.97,0.023,power_cut,1,low,Kolkata,True,False
382,peach,Fruit,Jan,2024,142,55.4,28.94,0.61,forgotten,3,low,Delhi,True,True
383,zucchini,Vegetable,Nov,2025,183,31.1,35.16,0.292,over_purchased,3,high,Chennai,False,True
384,walnut,Nut,Dec,2025,328,2145.1,33.36,0.202,over_purchased,5,medium,Bangalore,False,False
385,butter,Dairy,Feb,2025,46,329.8,17.69,0.094,power_cut,4,medium,Delhi,True,False
386,zucchini,Vegetable,Feb,2024,74,12.6,23.66,0.157,forgotten,4,low,Chennai,False,True
387,lettuce,Vegetable,Nov,2024,480,72.0,100.31,2.041,forgotten,5,high,Kolkata,False,False
388,cherry,Fruit,Jun,2024,484,242.0,32.21,1.068,not_preferred,4,medium,Kolkata,False,True
389,egg,Protein,Jan,2024,338,263.6,12.09,0.631,not_preferred,5,medium,Pune,True,True
390,pasta,Grain,Aug,2025,339,745.8,86.1,1.327,expired,6,low,Pune,True,False
391,beef,Protein,Oct,2024,277,692.5,89.65,0.638,quality_issue,2,low,Chennai,False,True
392,pasta,Grain,Jun,2025,472,1038.4,105.57,1.294,expired,3,high,Hyderabad,True,False
393,cheese,Dairy,Jan,2025,34,136.7,6.35,0.061,improper_storage,4,medium,Kolkata,False,True
394,chickpeas,Legume,Jun,2024,217,355.9,50.7,0.089,power_cut,6,high,Delhi,False,False
395,tuna,Protein,Jun,2025,153,202.0,50.35,0.093,not_preferred,6,low,Pune,False,True
396,corn,Vegetable,Feb,2024,263,226.2,84.29,0.768,expired,1,medium,Pune,False,False
397,cherry,Fruit,Jun,2024,139,69.5,30.47,0.078,not_preferred,6,medium,Hyderabad,False,False
398,zucchini,Vegetable,Oct,2025,191,32.5,38.1,0.147,improper_storage,3,low,Mumbai,True,True
399,cherry,Fruit,Jul,2024,389,194.5,117.03,1.88,quality_issue,5,high,Kolkata,False,False
400,cauliflower,Vegetable,Nov,2025,48,12.0,18.59,0.198,quality_issue,4,low,Chennai,True,False
401,egg,Protein,Dec,2025,149,116.2,23.64,0.483,forgotten,6,low,Mumbai,True,False
402,cream,Dairy,Sep,2024,314,1067.6,88.06,0.373,forgotten,3,high,Bangalore,False,True
403,broccoli,Vegetable,Dec,2025,1,0.6,0.24,0.004,forgotten,2,high,Mumbai,True,False
404,olive_oil,Oil,Apr,2025,486,4296.2,116.69,2.423,over_purchased,4,low,Chennai,True,False
405,cherry,Fruit,Mar,2024,92,46.0,27.12,0.084,not_preferred,4,medium,Bangalore,False,False
406,beef,Protein,Apr,2024,331,827.5,11.76,1.559,improper_storage,2,medium,Delhi,True,False
407,olive_oil,Oil,Jan,2024,130,1149.2,21.91,0.521,quality_issue,1,high,Bangalore,True,False
408,butter,Dairy,May,2025,62,444.5,21.48,0.288,expired,4,low,Hyderabad,False,True
409,zucchini,Vegetable,Feb,2025,368,62.6,95.47,0.256,power_cut,2,medium,Pune,True,False
410,strawberry,Fruit,Mar,2024,137,67.1,42.39,0.329,expired,2,high,Bangalore,False,True
411,olive_oil,Oil,Feb,2025,287,2537.1,108.58,0.68,expired,6,low,Pune,False,True
412,broccoli,Vegetable,Oct,2024,145,79.8,17.69,0.074,forgotten,2,low,Chennai,True,False
413,milk,Dairy,Oct,2024,334,497.7,115.48,1.382,expired,6,medium,Kolkata,False,True
414,cheese,Dairy,Dec,2024,12,48.2,3.88,0.033,expired,5,low,Mumbai,False,True
415,banana,Fruit,Sep,2024,468,491.4,93.16,0.804,power_cut,1,medium,Pune,False,False
416,onion,Vegetable,Aug,2025,12,4.8,3.87,0.048,forgotten,6,high,Hyderabad,False,False
417,egg,Protein,Sep,2025,49,38.2,12.26,0.128,power_cut,4,high,Bangalore,False,False
418,cream,Dairy,Sep,2025,450,1530.0,39.52,0.537,not_preferred,3,low,Kolkata,False,True
419,lettuce,Vegetable,Dec,2025,208,31.2,27.69,0.514,quality_issue,3,low,Bangalore,False,False
420,grape,Fruit,Mar,2025,495,341.6,195.27,1.162,expired,3,low,Chennai,True,False
421,pasta,Grain,May,2024,19,41.8,6.27,0.02,quality_issue,5,low,Chennai,False,True
422,cauliflower,Vegetable,Jul,2024,203,50.7,19.5,0.157,power_cut,4,high,Mumbai,True,False
423,potato,Vegetable,Mar,2024,287,221.0,37.41,0.33,expired,4,low,Chennai,False,True
424,strawberry,Fruit,Mar,2025,470,230.3,116.96,0.762,forgotten,6,medium,Chennai,False,False
425,butter,Dairy,Jul,2024,359,2574.0,62.65,0.358,power_cut,6,medium,Mumbai,False,False
426,walnut,Nut,Nov,2024,234,1530.4,85.59,0.221,improper_storage,1,high,Kolkata,False,True
427,mushroom,Vegetable,Jan,2024,468,103.0,22.28,0.728,forgotten,4,medium,Delhi,False,False
428,watermelon,Fruit,Aug,2024,295,88.5,77.03,1.013,quality_issue,3,high,Mumbai,True,False
429,blueberry,Fruit,Nov,2024,487,277.6,31.1,0.783,improper_storage,2,medium,Pune,False,False
430,salmon,Protein,Apr,2024,67,139.4,22.48,0.023,expired,5,medium,Mumbai,False,True
431,almond,Nut,Jan,2025,112,648.5,33.5,0.109,improper_storage,6,medium,Pune,True,True
432,lemon,Fruit,Feb,2025,161,46.7,46.24,0.652,not_preferred,6,medium,Chennai,True,False
433,yogurt,Dairy,Mar,2025,463,463.0,176.82,1.382,not_preferred,1,medium,Mumbai,False,False
434,mushroom,Vegetable,Aug,2024,157,34.5,28.42,0.338,power_cut,5,low,Kolkata,True,False
435,lemon,Fruit,Jun,2025,374,108.5,138.58,0.79,forgotten,3,high,Hyderabad,False,False
436,salmon,Protein,Jul,2025,239,497.1,35.06,0.526,over_purchased,4,high,Bangalore,False,False
437,corn,Vegetable,Dec,2024,478,411.1,92.37,0.718,power_cut,2,medium,Pune,True,False
438,corn,Vegetable,May,2024,469,403.3,115.45,2.313,quality_issue,2,low,Delhi,True,True
439,pineapple,Fruit,Apr,2024,216,108.0,85.9,0.325,over_purchased,6,medium,Pune,False,True
440,pineapple,Fruit,Oct,2024,156,78.0,27.72,0.056,over_purchased,3,high,Chennai,True,False
441,yogurt,Dairy,Jul,2025,51,51.0,15.95,0.245,forgotten,1,medium,Bangalore,True,False
442,salmon,Protein,Jul,2025,341,709.3,21.03,1.555,improper_storage,2,high,Bangalore,True,True
443,cucumber,Vegetable,Feb,2024,234,37.4,92.78,0.308,over_purchased,5,low,Bangalore,False,True
444,beef,Protein,Jun,2025,169,422.5,8.75,0.792,forgotten,3,low,Mumbai,False,False
445,strawberry,Fruit,Mar,2024,64,31.4,19.09,0.202,over_purchased,6,low,Pune,False,False
446,apple,Fruit,Dec,2024,482,457.9,48.56,1.937,forgotten,3,medium,Hyderabad,False,False
447,chicken,Protein,Dec,2025,396,946.4,37.21,0.618,power_cut,1,medium,Bangalore,False,False
448,cucumber,Vegetable,Feb,2024,465,74.4,151.87,0.968,expired,1,high,Bangalore,True,True
449,lemon,Fruit,Jun,2024,280,81.2,12.98,0.412,quality_issue,5,low,Bangalore,True,False
450,broccoli,Vegetable,Aug,2024,499,274.4,167.57,1.812,expired,1,high,Bangalore,False,True
451,lettuce,Vegetable,Feb,2024,427,64.0,148.55,1.223,not_preferred,3,medium,Hyderabad,False,True
452,potato,Vegetable,Mar,2024,59,45.4,4.35,0.083,expired,3,low,Hyderabad,False,False
453,strawberry,Fruit,Oct,2025,442,216.6,46.64,0.809,power_cut,4,low,Chennai,True,False
454,pasta,Grain,Feb,2024,54,118.8,4.65,0.068,not_preferred,3,low,Delhi,False,False
455,tofu,Protein,Dec,2025,198,150.5,15.33,0.622,forgotten,2,low,Delhi,True,False
456,carrot,Vegetable,May,2025,7,3.6,2.19,0.002,not_preferred,6,low,Pune,True,True
457,bell_pepper,Vegetable,May,2025,367,113.8,144.82,0.585,power_cut,4,medium,Mumbai,True,False
458,mushroom,Vegetable,Feb,2024,464,102.1,24.51,1.185,power_cut,6,low,Delhi,True,False
459,kiwi,Fruit,May,2024,491,299.5,140.8,2.345,power_cut,4,medium,Chennai,True,False
460,oats,Grain,Sep,2024,1,3.9,0.2,0.002,over_purchased,3,medium,Delhi,True,False
461,egg,Protein,Jul,2024,381,297.2,148.25,1.739,not_preferred,2,low,Pune,False,False
462,tuna,Protein,Apr,2024,1,1.3,0.37,0.0,not_preferred,6,high,Hyderabad,True,False
463,lemon,Fruit,Jun,2025,289,83.8,35.42,1.014,power_cut,2,medium,Bangalore,False,False
464,zucchini,Vegetable,Oct,2025,99,16.8,6.55,0.459,not_preferred,6,low,Pune,False,True
465,kiwi,Fruit,Jan,2024,278,169.6,67.73,0.52,improper_storage,6,low,Mumbai,True,False
466,cherry,Fruit,Dec,2024,434,217.0,127.14,1.37,not_preferred,5,low,Hyderabad,False,True
467,zucchini,Vegetable,Sep,2024,87,14.8,19.08,0.331,forgotten,3,medium,Delhi,False,True
468,spinach,Vegetable,May,2025,27,6.2,2.56,0.092,over_purchased,4,low,Bangalore,False,True
469,kiwi,Fruit,Oct,2024,122,74.4,18.88,0.336,forgotten,3,high,Delhi,True,True
470,cucumber,Vegetable,Apr,2024,396,63.4,18.39,1.136,over_purchased,5,low,Pune,False,True
471,corn,Vegetable,Dec,2024,358,307.9,29.94,0.818,power_cut,2,high,Chennai,True,False
472,beef,Protein,Nov,2025,151,377.5,30.8,0.541,power_cut,3,medium,Kolkata,False,False
473,garlic,Vegetable,Apr,2024,214,318.9,63.16,0.778,expired,6,high,Kolkata,False,False
474,garlic,Vegetable,May,2024,298,444.0,29.11,0.926,power_cut,6,low,Hyderabad,False,False
475,spinach,Vegetable,Mar,2025,164,37.7,63.84,0.269,not_preferred,4,low,Hyderabad,False,True
476,bread,Grain,Dec,2024,62,164.3,16.17,0.19,expired,4,medium,Delhi,False,False
477,peach,Fruit,May,2024,296,115.4,19.44,0.843,over_purchased,6,low,Kolkata,False,False
478,olive_oil,Oil,Feb,2025,356,3147.0,10.93,0.403,forgotten,1,medium,Pune,True,False
479,yogurt,Dairy,May,2025,438,438.0,101.63,1.537,power_cut,6,low,Bangalore,True,False
480,bread,Grain,Jun,2024,412,1091.8,89.65,0.18,over_purchased,2,high,Kolkata,False,True
481,peach,Fruit,May,2025,55,21.5,14.59,0.191,improper_storage,4,medium,Bangalore,True,False
482,bell_pepper,Vegetable,Aug,2024,63,19.5,21.76,0.083,not_preferred,3,medium,Chennai,True,True
483,cauliflower,Vegetable,Jan,2025,390,97.5,29.47,1.378,over_purchased,5,low,Chennai,True,True
484,avocado,Fruit,Apr,2025,500,800.0,173.56,1.015,expired,5,high,Delhi,True,False
485,bread,Grain,Jan,2025,93,246.5,26.95,0.192,over_purchased,3,high,Hyderabad,False,True
486,avocado,Fruit,Oct,2025,420,672.0,131.54,1.301,not_preferred,3,low,Kolkata,True,True
487,tuna,Protein,Nov,2025,224,295.7,46.72,0.102,over_purchased,3,high,Kolkata,False,False
488,spinach,Vegetable,Dec,2025,69,15.9,6.1,0.033,over_purchased,2,high,Chennai,True,False
489,zucchini,Vegetable,Nov,2024,122,20.7,14.88,0.247,not_preferred,4,low,Kolkata,False,True
490,blueberry,Fruit,Feb,2025,105,59.9,5.14,0.341,improper_storage,3,medium,Kolkata,False,True
491,lemon,Fruit,Jul,2025,304,88.2,108.54,1.019,expired,2,low,Delhi,False,False
492,broccoli,Vegetable,May,2025,407,223.9,96.16,0.842,improper_storage,1,low,Pune,True,True
493,peas,Vegetable,Nov,2024,201,162.8,24.13,0.871,improper_storage,2,medium,Pune,False,True
494,oats,Grain,Jun,2024,233,906.4,35.75,0.62,expired,1,high,Pune,False,False
495,cream,Dairy,Aug,2025,166,564.4,16.19,0.445,quality_issue,6,low,Bangalore,True,False
496,broccoli,Vegetable,Feb,2024,453,249.2,83.54,0.158,over_purchased,3,high,Kolkata,True,False
497,banana,Fruit,Oct,2025,430,451.5,50.38,0.308,expired,6,high,Pune,False,False
498,bell_pepper,Vegetable,Aug,2024,7,2.2,2.4,0.035,power_cut,4,medium,Pune,False,False
499,grape,Fruit,Nov,2024,410,282.9,158.73,1.034,expired,6,medium,Mumbai,False,False
500,mango,Fruit,Jun,2024,49,29.4,7.36,0.21,quality_issue,3,high,Chennai,True,False
501,egg,Protein,Jun,2024,413,322.1,116.23,0.482,expired,1,low,Chennai,True,False
502,cherry,Fruit,Jun,2024,56,28.0,3.22,0.131,power_cut,3,low,Mumbai,True,False
503,carrot,Vegetable,Sep,2025,167,86.8,53.96,0.093,not_preferred,1,high,Kolkata,False,True
504,almond,Nut,Jul,2025,439,2541.8,48.39,1.902,not_preferred,4,low,Pune,True,False
505,walnut,Nut,Jan,2025,5,32.7,0.94,0.023,quality_issue,3,low,Delhi,True,True
506,cream,Dairy,Dec,2024,117,397.8,11.22,0.437,expired,6,medium,Pune,False,True
507,cauliflower,Vegetable,Oct,2024,317,79.2,11.89,0.396,power_cut,3,low,Chennai,False,False
508,cherry,Fruit,Jun,2025,378,189.0,31.82,0.63,expired,2,low,Delhi,True,True
509,tomato,Vegetable,Feb,2024,476,166.6,60.16,0.799,power_cut,4,high,Hyderabad,True,False
510,potato,Vegetable,Mar,2025,189,145.5,43.4,0.251,quality_issue,2,high,Mumbai,False,False
511,peas,Vegetable,May,2025,13,10.5,3.83,0.029,power_cut,4,high,Pune,False,False
512,zucchini,Vegetable,Oct,2025,26,4.4,10.02,0.112,expired,4,high,Pune,False,False
513,chicken,Protein,Dec,2025,53,126.7,5.13,0.173,power_cut,3,high,Kolkata,False,False
514,tuna,Protein,May,2025,111,146.5,3.53,0.374,power_cut,4,high,Delhi,False,False
515,salmon,Protein,Apr,2024,333,692.6,98.64,1.25,forgotten,4,medium,Chennai,False,False
516,bell_pepper,Vegetable,Mar,2025,471,146.0,133.93,1.588,quality_issue,1,low,Chennai,True,False
517,peas,Vegetable,Feb,2024,427,345.9,110.15,0.263,power_cut,6,high,Kolkata,True,False
518,milk,Dairy,Aug,2024,270,402.3,13.6,0.222,over_purchased,5,high,Pune,False,False
519,tofu,Protein,Nov,2024,403,306.3,49.82,0.719,forgotten,3,medium,Bangalore,True,True
520,tofu,Protein,Feb,2024,32,24.3,7.62,0.128,expired,5,medium,Delhi,True,False
521,onion,Vegetable,Feb,2025,459,183.6,142.22,1.518,forgotten,3,medium,Chennai,False,False
522,pear,Fruit,Jan,2025,348,198.4,123.48,0.122,expired,6,medium,Delhi,True,False
523,tomato,Vegetable,Sep,2025,234,81.9,84.64,0.252,forgotten,3,medium,Kolkata,True,True
524,walnut,Nut,Sep,2024,142,928.7,33.88,0.28,power_cut,6,low,Pune,False,False
525,cherry,Fruit,Feb,2024,73,36.5,14.71,0.318,quality_issue,2,medium,Bangalore,False,True
526,orange,Fruit,Jun,2024,49,30.4,1.64,0.054,not_preferred,4,high,Delhi,True,True
527,bell_pepper,Vegetable,Nov,2024,480,148.8,110.98,0.402,over_purchased,6,medium,Hyderabad,False,True
528,pasta,Grain,Aug,2024,10,22.0,2.13,0.046,improper_storage,2,high,Bangalore,True,True
529,butter,Dairy,Jan,2025,495,3549.2,107.32,0.372,quality_issue,4,high,Chennai,False,False
530,cucumber,Vegetable,Jan,2025,274,43.8,74.96,0.967,improper_storage,2,medium,Mumbai,False,False
531,peas,Vegetable,Apr,2024,303,245.4,89.38,0.67,quality_issue,3,medium,Hyderabad,False,False
532,banana,Fruit,Mar,2025,460,483.0,153.14,1.188,expired,2,medium,Kolkata,True,True
533,egg,Protein,Feb,2025,14,10.9,2.29,0.012,forgotten,6,medium,Mumbai,False,False
534,butter,Dairy,May,2024,322,2308.7,101.2,0.371,forgotten,5,high,Kolkata,True,False
535,peach,Fruit,May,2025,203,79.2,46.81,0.765,over_purchased,1,high,Pune,False,False
536,yogurt,Dairy,Mar,2024,497,497.0,126.23,1.979,forgotten,5,low,Pune,True,True
537,chickpeas,Legume,Aug,2025,16,26.2,5.93,0.027,expired,2,medium,Pune,False,False
538,carrot,Vegetable,Jul,2024,445,231.4,70.99,0.163,over_purchased,3,low,Kolkata,False,False
539,mango,Fruit,Nov,2025,207,124.2,77.57,0.151,quality_issue,3,low,Bangalore,True,True
540,grape,Fruit,Aug,2025,113,78.0,12.54,0.345,over_purchased,2,low,Mumbai,True,False
541,oats,Grain,Sep,2024,202,785.8,7.67,0.889,not_preferred,6,high,Kolkata,False,False
542,beef,Protein,Nov,2024,473,1182.5,15.32,0.435,power_cut,6,medium,Chennai,True,False
543,zucchini,Vegetable,Aug,2025,414,70.4,33.98,0.417,expired,2,low,Kolkata,False,False
544,blueberry,Fruit,Jul,2025,77,43.9,13.11,0.24,not_preferred,2,medium,Hyderabad,False,False
545,grape,Fruit,Sep,2025,45,31.1,13.62,0.165,expired,5,medium,Kolkata,False,True
546,lentils,Legume,Aug,2024,149,172.8,42.5,0.29,improper_storage,1,low,Bangalore,True,False
547,blueberry,Fruit,Aug,2024,207,118.0,13.31,0.181,improper_storage,6,high,Bangalore,True,False
548,lemon,Fruit,May,2025,451,130.8,18.05,0.279,improper_storage,3,medium,Chennai,True,True
549,lemon,Fruit,Dec,2025,340,98.6,51.23,0.248,power_cut,2,medium,Hyderabad,True,False
550,avocado,Fruit,Jul,2024,9,14.4,3.08,0.016,forgotten,3,high,Bangalore,True,False
551,tomato,Vegetable,Nov,2024,487,170.5,149.3,1.811,not_preferred,1,medium,Hyderabad,True,False
552,tofu,Protein,Jul,2025,194,147.4,17.68,0.315,over_purchased,1,low,Kolkata,True,True
553,mushroom,Vegetable,Oct,2025,496,109.1,140.85,2.334,expired,6,high,Kolkata,True,False
554,orange,Fruit,Dec,2025,270,167.4,69.28,0.989,power_cut,3,low,Bangalore,False,False
555,olive_oil,Oil,Sep,2024,57,503.9,8.01,0.022,expired,5,medium,Hyderabad,False,True
556,avocado,Fruit,Jul,2024,417,667.2,84.08,1.599,forgotten,2,medium,Chennai,False,True
557,walnut,Nut,Sep,2024,338,2210.5,92.68,1.24,expired,2,medium,Chennai,False,True
558,watermelon,Fruit,Oct,2024,79,23.7,4.73,0.266,quality_issue,2,high,Bangalore,True,True
559,strawberry,Fruit,Mar,2025,349,171.0,60.35,1.411,quality_issue,5,high,Delhi,False,True
560,cauliflower,Vegetable,Dec,2025,380,95.0,147.69,0.77,quality_issue,6,low,Chennai,False,False
561,lemon,Fruit,Oct,2025,16,4.6,3.31,0.078,over_purchased,6,low,Mumbai,False,False
562,carrot,Vegetable,Jan,2025,299,155.5,42.04,0.202,forgotten,6,medium,Delhi,True,True
563,garlic,Vegetable,May,2024,165,245.8,22.68,0.721,quality_issue,2,high,Delhi,True,False
564,orange,Fruit,Mar,2025,457,283.3,53.46,0.979,forgotten,3,high,Kolkata,False,True
565,tomato,Vegetable,Jan,2025,108,37.8,32.59,0.503,forgotten,4,low,Kolkata,True,True
566,watermelon,Fruit,Mar,2024,63,18.9,17.53,0.226,improper_storage,6,medium,Bangalore,True,True
567,almond,Nut,Jun,2024,487,2819.7,37.08,0.63,not_preferred,6,low,Chennai,True,True
568,mango,Fruit,Apr,2024,264,158.4,65.14,1.251,power_cut,5,medium,Hyderabad,True,False
569,avocado,Fruit,Apr,2024,105,168.0,4.96,0.354,expired,6,high,Hyderabad,False,True
570,peach,Fruit,Mar,2025,9,3.5,3.13,0.038,power_cut,6,high,Pune,True,False
571,cream,Dairy,Nov,2025,61,207.4,7.83,0.077,over_purchased,2,high,Mumbai,False,True
572,garlic,Vegetable,Nov,2025,277,412.7,62.08,1.09,improper_storage,5,low,Bangalore,False,False
573,chicken,Protein,May,2024,26,62.1,2.5,0.042,over_purchased,2,high,Delhi,False,False
574,yogurt,Dairy,Oct,2024,139,139.0,5.62,0.516,not_preferred,6,medium,Chennai,True,True
575,cheese,Dairy,Mar,2025,464,1865.3,77.9,2.284,not_preferred,5,high,Hyderabad,True,True
576,lettuce,Vegetable,Apr,2025,237,35.6,41.03,0.713,not_preferred,2,high,Pune,True,False
577,tuna,Protein,Nov,2024,200,264.0,32.42,0.539,improper_storage,3,low,Kolkata,True,False
578,cream,Dairy,Jun,2024,435,1479.0,53.63,0.826,over_purchased,4,medium,Hyderabad,True,True
579,peas,Vegetable,Jan,2024,97,78.6,10.73,0.186,improper_storage,1,medium,Delhi,False,False
580,orange,Fruit,Jul,2025,487,301.9,141.41,0.846,improper_storage,5,high,Delhi,True,False
581,milk,Dairy,Feb,2025,62,92.4,2.99,0.031,expired,1,low,Mumbai,True,False
582,beef,Protein,Jun,2025,213,532.5,7.3,0.987,power_cut,2,low,Kolkata,False,False
583,banana,Fruit,Jan,2025,304,319.2,84.67,0.504,improper_storage,5,high,Kolkata,False,False
584,chickpeas,Legume,Jun,2025,390,639.6,21.27,0.317,over_purchased,6,medium,Bangalore,False,True
585,mushroom,Vegetable,Nov,2024,333,73.3,36.31,0.779,quality_issue,6,low,Hyderabad,False,True
586,rice,Grain,Dec,2024,402,828.1,19.09,0.922,power_cut,4,medium,Delhi,False,False
587,zucchini,Vegetable,Jan,2025,414,70.4,157.96,0.543,over_purchased,1,medium,Delhi,False,True
588,pineapple,Fruit,Apr,2025,355,177.5,138.66,1.478,forgotten,2,high,Chennai,False,True
589,oats,Grain,Dec,2024,249,968.6,71.93,0.803,improper_storage,1,high,Hyderabad,False,True
590,almond,Nut,Nov,2024,131,758.5,4.91,0.129,expired,1,medium,Pune,False,True
591,potato,Vegetable,Jan,2025,106,81.6,38.59,0.135,expired,6,high,Kolkata,False,False
592,milk,Dairy,Jan,2025,263,391.9,74.8,0.427,forgotten,3,low,Chennai,True,True
593,butter,Dairy,Mar,2025,214,1534.4,37.5,0.578,improper_storage,2,high,Delhi,True,True
594,olive_oil,Oil,Dec,2025,260,2298.4,60.3,0.424,improper_storage,6,medium,Chennai,True,True
595,cauliflower,Vegetable,Dec,2024,40,10.0,10.77,0.191,not_preferred,2,low,Hyderabad,False,True
596,almond,Nut,Dec,2024,275,1592.2,65.27,0.264,improper_storage,3,low,Kolkata,False,False
597,avocado,Fruit,Dec,2025,190,304.0,37.1,0.15,not_preferred,6,high,Kolkata,True,False
598,broccoli,Vegetable,Jun,2025,241,132.6,93.3,1.021,over_purchased,1,medium,Kolkata,False,True
599,zucchini,Vegetable,Apr,2024,135,23.0,51.01,0.513,power_cut,6,high,Kolkata,True,False
600,zucchini,Vegetable,Sep,2024,37,6.3,2.86,0.044,improper_storage,6,low,Pune,True,False
601,onion,Vegetable,Apr,2025,138,55.2,51.99,0.536,not_preferred,2,high,Pune,False,False
602,pasta,Grain,May,2025,359,789.8,135.58,0.565,expired,5,high,Bangalore,True,True
603,corn,Vegetable,Jan,2025,138,118.7,14.08,0.199,power_cut,2,low,Hyderabad,False,False
604,zucchini,Vegetable,Sep,2025,164,27.9,50.89,0.776,quality_issue,1,low,Delhi,True,True
605,apple,Fruit,Aug,2025,499,474.1,190.51,1.756,power_cut,4,medium,Pune,True,False
606,watermelon,Fruit,Jul,2025,347,104.1,83.76,1.273,quality_issue,5,low,Kolkata,True,False
607,cream,Dairy,Jan,2025,344,1169.6,129.53,0.732,quality_issue,5,high,Hyderabad,True,False
608,almond,Nut,Mar,2024,348,2014.9,130.93,1.654,quality_issue,4,high,Pune,True,True
609,butter,Dairy,Apr,2025,36,258.1,12.8,0.029,not_preferred,2,medium,Chennai,True,True
610,tuna,Protein,Jul,2025,171,225.7,55.13,0.172,quality_issue,4,medium,Delhi,False,False
611,peas,Vegetable,Mar,2024,353,285.9,126.2,1.313,not_preferred,6,high,Delhi,True,False
612,lettuce,Vegetable,Sep,2025,332,49.8,56.88,1.249,not_preferred,5,high,Kolkata,True,False
613,chicken,Protein,Jan,2024,169,403.9,21.46,0.279,expired,5,high,Pune,True,True
614,lettuce,Vegetable,Feb,2025,408,61.2,162.54,1.392,not_preferred,2,high,Delhi,True,True
615,pineapple,Fruit,Nov,2025,125,62.5,45.85,0.308,forgotten,5,low,Hyderabad,False,True
616,almond,Nut,Jun,2025,406,2350.7,98.07,1.28,improper_storage,2,high,Pune,False,True
617,bread,Grain,Mar,2024,238,630.7,34.86,1.123,forgotten,4,low,Chennai,False,True
618,bell_pepper,Vegetable,May,2025,196,60.8,6.28,0.901,forgotten,6,low,Mumbai,True,True
619,tomato,Vegetable,Sep,2024,400,140.0,137.1,1.732,improper_storage,1,medium,Hyderabad,False,True
620,tuna,Protein,Oct,2024,351,463.3,63.65,1.731,forgotten,5,medium,Delhi,False,True
621,zucchini,Vegetable,Jan,2024,321,54.6,79.32,0.361,not_preferred,6,high,Pune,True,True
622,lettuce,Vegetable,Apr,2024,136,20.4,38.37,0.5,expired,6,medium,Kolkata,True,True
623,yogurt,Dairy,May,2024,189,189.0,27.89,0.776,expired,5,low,Bangalore,False,True
624,walnut,Nut,Feb,2024,451,2949.5,77.29,2.206,over_purchased,5,low,Mumbai,True,False
625,pineapple,Fruit,Dec,2025,114,57.0,31.71,0.5,quality_issue,1,low,Chennai,True,True
626,pear,Fruit,Feb,2024,99,56.4,35.13,0.103,not_preferred,5,high,Pune,True,False
627,yogurt,Dairy,Apr,2025,457,457.0,34.06,2.244,improper_storage,1,low,Mumbai,True,False
628,tuna,Protein,Feb,2025,43,56.8,7.54,0.032,quality_issue,2,high,Mumbai,True,True
629,bell_pepper,Vegetable,Mar,2024,312,96.7,64.7,1.034,quality_issue,3,high,Kolkata,True,False
630,pineapple,Fruit,Dec,2024,364,182.0,98.81,1.217,quality_issue,5,high,Bangalore,True,False
631,peas,Vegetable,Nov,2024,123,99.6,4.67,0.098,not_preferred,1,medium,Delhi,True,True
632,mushroom,Vegetable,May,2024,353,77.7,68.83,0.192,quality_issue,1,medium,Pune,True,True
633,peas,Vegetable,Nov,2024,134,108.5,36.97,0.28,forgotten,6,low,Hyderabad,True,True
634,lentils,Legume,Nov,2024,253,293.5,25.42,0.988,forgotten,5,medium,Mumbai,False,True
635,grape,Fruit,Jul,2025,380,262.2,151.82,0.677,over_purchased,5,high,Chennai,False,False
636,watermelon,Fruit,Oct,2025,457,137.1,179.49,1.134,not_preferred,3,high,Chennai,True,True
637,banana,Fruit,Apr,2024,178,186.9,69.7,0.43,over_purchased,6,high,Mumbai,False,False
638,strawberry,Fruit,Jul,2025,234,114.7,64.82,0.088,power_cut,5,medium,Kolkata,True,False
639,chicken,Protein,Nov,2024,93,222.3,35.2,0.389,quality_issue,6,low,Hyderabad,False,False
640,strawberry,Fruit,Jul,2025,137,67.1,4.82,0.301,expired,5,high,Delhi,False,True
641,mango,Fruit,Mar,2025,163,97.8,52.94,0.622,forgotten,5,medium,Hyderabad,True,True
642,peas,Vegetable,Oct,2024,6,4.9,0.82,0.025,quality_issue,6,medium,Hyderabad,True,False
643,milk,Dairy,May,2025,499,743.5,21.54,1.706,improper_storage,6,low,Kolkata,False,True
644,beef,Protein,Jun,2024,63,157.5,5.86,0.186,expired,2,medium,Delhi,True,True
645,cream,Dairy,Mar,2025,152,516.8,50.57,0.061,quality_issue,5,medium,Hyderabad,True,True
646,pineapple,Fruit,Jan,2025,25,12.5,9.83,0.028,not_preferred,6,low,Chennai,False,False
647,carrot,Vegetable,May,2025,173,90.0,44.52,0.06,forgotten,1,medium,Hyderabad,False,False
648,onion,Vegetable,Aug,2025,375,150.0,96.73,0.755,power_cut,6,low,Kolkata,False,False
649,strawberry,Fruit,Nov,2025,128,62.7,50.65,0.217,quality_issue,6,high,Hyderabad,True,True
650,beef,Protein,Feb,2024,190,475.0,25.39,0.383,power_cut,5,low,Chennai,True,False
651,zucchini,Vegetable,May,2025,455,77.3,130.97,1.962,power_cut,2,low,Kolkata,True,False
652,blueberry,Fruit,Aug,2025,319,181.8,84.59,0.598,power_cut,2,medium,Hyderabad,False,False
653,almond,Nut,Jun,2025,112,648.5,3.51,0.18,not_preferred,1,high,Kolkata,False,False
654,cream,Dairy,Jul,2024,333,1132.2,93.03,1.211,expired,5,high,Kolkata,True,True
655,apple,Fruit,Mar,2025,369,350.6,146.11,1.359,power_cut,1,low,Chennai,True,False
656,yogurt,Dairy,Apr,2024,302,302.0,90.39,0.491,forgotten,1,medium,Bangalore,False,False
657,potato,Vegetable,Jan,2024,114,87.8,41.0,0.262,forgotten,6,medium,Kolkata,True,True
658,cucumber,Vegetable,Jul,2025,297,47.5,102.64,0.146,over_purchased,1,medium,Pune,False,False
659,lentils,Legume,Jul,2025,206,239.0,49.39,0.884,over_purchased,2,medium,Hyderabad,True,True
660,chickpeas,Legume,Jun,2025,347,569.1,117.49,0.729,forgotten,4,medium,Pune,True,False
661,pineapple,Fruit,Jun,2025,413,206.5,137.58,0.946,not_preferred,6,medium,Kolkata,False,False
662,corn,Vegetable,Jun,2025,158,135.9,5.54,0.205,improper_storage,5,medium,Chennai,False,True
663,orange,Fruit,Oct,2025,28,17.4,5.22,0.117,improper_storage,5,low,Hyderabad,True,False
664,beef,Protein,May,2024,329,822.5,59.37,0.337,over_purchased,4,high,Mumbai,False,True
665,onion,Vegetable,Oct,2025,212,84.8,20.92,0.589,improper_storage,4,medium,Pune,False,True
666,cheese,Dairy,Dec,2024,377,1515.5,41.41,1.353,improper_storage,1,low,Bangalore,False,False
667,potato,Vegetable,Dec,2025,395,304.2,111.74,0.801,over_purchased,1,low,Delhi,True,False
668,oats,Grain,Oct,2024,378,1470.4,124.25,1.292,over_purchased,6,high,Bangalore,True,False
669,potato,Vegetable,Jan,2025,154,118.6,36.2,0.664,improper_storage,4,medium,Delhi,False,True
670,kiwi,Fruit,Mar,2025,436,266.0,73.71,1.932,quality_issue,2,high,Kolkata,False,False
671,pear,Fruit,Mar,2024,73,41.6,15.68,0.336,quality_issue,4,low,Bangalore,False,False
672,mushroom,Vegetable,Jul,2024,214,47.1,42.61,1.07,expired,4,low,Bangalore,False,True
673,pasta,Grain,Feb,2025,99,217.8,18.12,0.361,improper_storage,4,high,Bangalore,False,False
674,tofu,Protein,Feb,2025,410,311.6,125.06,1.967,quality_issue,3,low,Mumbai,True,False
675,pineapple,Fruit,Apr,2025,484,242.0,142.27,1.831,forgotten,5,high,Delhi,False,False
676,pear,Fruit,Aug,2025,136,77.5,38.76,0.421,expired,3,high,Pune,True,False
677,mango,Fruit,Oct,2025,154,92.4,50.2,0.507,expired,6,medium,Hyderabad,True,True
678,kiwi,Fruit,Apr,2024,265,161.7,70.49,0.101,expired,6,low,Delhi,False,False
679,milk,Dairy,Nov,2024,4,6.0,0.62,0.017,quality_issue,5,medium,Chennai,True,False
680,grape,Fruit,Oct,2025,203,140.1,48.8,0.719,over_purchased,4,high,Hyderabad,True,True
681,strawberry,Fruit,Oct,2025,431,211.2,43.92,2.041,not_preferred,3,high,Bangalore,True,True
682,carrot,Vegetable,Jul,2024,28,14.6,9.2,0.11,expired,4,medium,Pune,True,True
683,apple,Fruit,Apr,2025,203,192.8,21.18,0.332,over_purchased,1,high,Kolkata,True,False
684,yogurt,Dairy,Jun,2025,402,402.0,15.01,1.182,expired,3,high,Hyderabad,False,False
685,butter,Dairy,Jan,2024,362,2595.5,144.07,1.439,not_preferred,3,high,Mumbai,False,True
686,kiwi,Fruit,Oct,2024,275,167.8,69.3,1.063,improper_storage,3,high,Delhi,False,False
687,bell_pepper,Vegetable,Oct,2024,403,124.9,148.78,1.836,not_preferred,3,high,Bangalore,True,True
688,pineapple,Fruit,Feb,2025,302,151.0,92.49,0.548,improper_storage,6,medium,Kolkata,False,True
689,spinach,Vegetable,Jul,2024,188,43.2,56.66,0.411,forgotten,1,medium,Chennai,True,True
690,peas,Vegetable,Apr,2024,100,81.0,33.74,0.32,improper_storage,4,low,Mumbai,True,False
691,corn,Vegetable,Nov,2025,282,242.5,74.12,0.607,not_preferred,4,low,Pune,True,True
692,bell_pepper,Vegetable,Apr,2024,346,107.3,14.72,1.251,over_purchased,4,low,Hyderabad,True,True
693,chickpeas,Legume,May,2024,164,269.0,29.5,0.145,forgotten,2,medium,Bangalore,True,True
694,banana,Fruit,Mar,2024,455,477.8,179.43,1.179,power_cut,2,high,Hyderabad,False,False
695,apple,Fruit,Mar,2025,194,184.3,42.01,0.542,improper_storage,1,low,Delhi,False,False
696,lettuce,Vegetable,Feb,2024,408,61.2,116.04,1.811,forgotten,4,medium,Pune,True,False
697,banana,Fruit,Jan,2025,7,7.4,2.19,0.024,improper_storage,4,medium,Delhi,True,False
698,beef,Protein,Aug,2024,393,982.5,44.63,0.79,quality_issue,4,high,Pune,True,False
699,rice,Grain,Jan,2025,329,677.7,112.0,0.418,improper_storage,6,low,Chennai,True,True
700,oats,Grain,Apr,2025,83,322.9,9.03,0.095,expired,4,low,Bangalore,False,False
701,avocado,Fruit,Apr,2025,20,32.0,4.61,0.045,expired,1,low,Pune,False,True
702,strawberry,Fruit,Dec,2024,204,100.0,17.13,0.751,over_purchased,3,low,Delhi,False,True
703,bread,Grain,Dec,2024,39,103.4,10.68,0.108,power_cut,5,low,Chennai,True,False
704,lettuce,Vegetable,Jun,2025,404,60.6,48.95,0.838,power_cut,2,low,Kolkata,False,False
705,potato,Vegetable,Dec,2025,193,148.6,72.68,0.939,improper_storage,5,low,Hyderabad,True,True
706,banana,Fruit,Sep,2025,378,396.9,79.63,0.952,forgotten,4,medium,Kolkata,False,False
707,avocado,Fruit,Mar,2025,259,414.4,71.37,0.098,power_cut,6,medium,Chennai,False,False
708,broccoli,Vegetable,May,2024,460,253.0,138.89,0.867,over_purchased,5,low,Delhi,False,False
709,pear,Fruit,Sep,2024,49,27.9,2.32,0.076,not_preferred,3,medium,Pune,False,False
710,almond,Nut,Sep,2025,261,1511.2,64.81,0.363,expired,1,high,Chennai,False,False
711,lentils,Legume,Dec,2025,481,558.0,53.6,1.441,quality_issue,4,medium,Kolkata,False,True
712,banana,Fruit,Jan,2024,441,463.1,136.8,0.655,improper_storage,5,medium,Kolkata,False,False
713,almond,Nut,May,2024,423,2449.2,146.59,1.871,power_cut,6,low,Kolkata,True,False
714,chickpeas,Legume,May,2025,187,306.7,20.63,0.845,forgotten,6,low,Pune,False,False
715,yogurt,Dairy,Nov,2024,20,20.0,2.51,0.083,improper_storage,3,high,Pune,False,False
716,onion,Vegetable,Mar,2025,403,161.2,31.64,0.446,power_cut,5,low,Delhi,True,False
717,egg,Protein,Nov,2024,229,178.6,28.81,0.684,expired,1,high,Chennai,False,False
718,potato,Vegetable,May,2025,392,301.8,87.26,1.605,quality_issue,1,high,Delhi,True,False
719,cucumber,Vegetable,Aug,2025,375,60.0,80.37,0.571,quality_issue,3,high,Pune,True,True
720,cucumber,Vegetable,Mar,2025,205,32.8,37.35,0.909,improper_storage,4,low,Chennai,True,False
721,walnut,Nut,Dec,2025,376,2459.0,106.33,1.776,power_cut,3,low,Delhi,False,False
722,egg,Protein,Jul,2024,196,152.9,36.27,0.483,forgotten,2,low,Kolkata,True,True
723,bread,Grain,Jul,2024,346,916.9,102.16,0.555,power_cut,3,medium,Bangalore,False,False
724,carrot,Vegetable,Feb,2025,352,183.0,103.09,1.007,over_purchased,5,low,Pune,True,False
725,almond,Nut,Sep,2024,214,1239.1,80.98,0.858,not_preferred,5,low,Mumbai,False,True
726,banana,Fruit,Apr,2024,191,200.5,47.58,0.067,forgotten,6,high,Hyderabad,True,False
727,zucchini,Vegetable,Mar,2024,362,61.5,143.91,0.368,improper_storage,3,low,Pune,False,False
728,cream,Dairy,Mar,2025,380,1292.0,111.68,0.289,improper_storage,5,medium,Pune,False,True
729,yogurt,Dairy,Aug,2025,188,188.0,10.54,0.294,improper_storage,1,medium,Mumbai,True,False
730,tuna,Protein,Jul,2024,497,656.0,51.39,0.267,not_preferred,6,high,Bangalore,False,True
731,orange,Fruit,Sep,2024,265,164.3,81.21,0.161,forgotten,6,high,Delhi,False,True
732,lemon,Fruit,Sep,2024,222,64.4,59.32,0.923,quality_issue,3,high,Hyderabad,False,False
733,bread,Grain,Sep,2025,327,866.5,35.5,1.09,expired,5,medium,Mumbai,True,False
734,tuna,Protein,Mar,2025,389,513.5,63.83,0.576,power_cut,4,medium,Pune,False,False
735,mushroom,Vegetable,Jul,2024,231,50.8,33.92,0.884,improper_storage,3,medium,Pune,True,True
736,oats,Grain,Apr,2024,157,610.7,52.13,0.774,not_preferred,4,low,Mumbai,True,False
737,pasta,Grain,Nov,2025,155,341.0,52.79,0.426,power_cut,3,medium,Hyderabad,True,False
738,olive_oil,Oil,Aug,2024,494,4367.0,41.48,1.358,forgotten,3,high,Hyderabad,True,True
739,orange,Fruit,May,2025,161,99.8,33.22,0.554,improper_storage,6,high,Kolkata,True,False
740,orange,Fruit,Mar,2025,412,255.4,37.93,1.653,over_purchased,1,low,Chennai,True,False
741,peach,Fruit,Feb,2024,146,56.9,27.43,0.56,forgotten,2,medium,Bangalore,True,False
742,spinach,Vegetable,Oct,2024,112,25.8,22.47,0.455,not_preferred,6,low,Bangalore,False,False
743,carrot,Vegetable,Jul,2025,187,97.2,69.08,0.831,quality_issue,1,low,Bangalore,True,False
744,grape,Fruit,Dec,2025,34,23.5,11.4,0.101,over_purchased,4,medium,Mumbai,True,False
745,olive_oil,Oil,Aug,2024,358,3164.7,70.76,0.536,forgotten,1,medium,Pune,True,False
746,tofu,Protein,Dec,2025,328,249.3,58.81,0.263,expired,5,low,Hyderabad,False,False
747,yogurt,Dairy,Feb,2025,389,389.0,24.4,1.122,not_preferred,2,low,Hyderabad,True,False
748,butter,Dairy,Oct,2025,136,975.1,6.95,0.455,expired,4,low,Delhi,False,True
749,walnut,Nut,May,2025,54,353.2,1.81,0.029,expired,6,low,Kolkata,False,True
750,mushroom,Vegetable,Oct,2024,335,73.7,50.77,0.783,over_purchased,1,low,Bangalore,True,False
751,watermelon,Fruit,Oct,2024,474,142.2,186.64,1.085,forgotten,1,low,Kolkata,False,False
752,pear,Fruit,Aug,2025,111,63.3,22.67,0.537,forgotten,2,low,Chennai,False,False
753,apple,Fruit,Dec,2025,47,44.6,18.31,0.101,expired,4,high,Pune,True,True
754,corn,Vegetable,Mar,2024,198,170.3,49.02,0.892,improper_storage,1,low,Delhi,True,True
755,carrot,Vegetable,Jan,2024,366,190.3,79.97,0.969,forgotten,6,high,Hyderabad,False,True
756,yogurt,Dairy,Oct,2025,56,56.0,3.36,0.021,expired,6,high,Hyderabad,False,True
757,garlic,Vegetable,Mar,2025,302,450.0,16.77,1.141,power_cut,2,medium,Pune,False,False
758,zucchini,Vegetable,Mar,2025,268,45.6,99.12,1.166,power_cut,3,high,Hyderabad,True,False
759,salmon,Protein,Apr,2024,266,553.3,57.03,0.221,forgotten,4,low,Mumbai,True,True
760,rice,Grain,Aug,2025,390,803.4,44.18,0.453,quality_issue,3,low,Kolkata,True,False
761,grape,Fruit,Jan,2025,190,131.1,70.57,0.312,over_purchased,6,medium,Bangalore,False,False
762,cherry,Fruit,Jul,2024,93,46.5,12.94,0.077,forgotten,4,low,Kolkata,True,False
763,beef,Protein,Jan,2025,314,785.0,119.68,0.504,expired,1,medium,Kolkata,False,False
764,cheese,Dairy,Jan,2024,384,1543.7,62.14,0.483,improper_storage,3,medium,Kolkata,False,False
765,cheese,Dairy,Apr,2025,310,1246.2,41.64,0.816,over_purchased,2,medium,Mumbai,True,False
766,tofu,Protein,May,2025,294,223.4,103.88,0.366,forgotten,3,high,Bangalore,True,True
767,peach,Fruit,May,2024,193,75.3,70.62,0.343,expired,4,high,Mumbai,True,True
768,beef,Protein,Sep,2025,49,122.5,15.55,0.243,quality_issue,2,medium,Pune,True,True
769,salmon,Protein,Jun,2024,248,515.8,91.05,0.667,power_cut,5,high,Hyderabad,False,False
770,banana,Fruit,Apr,2025,480,504.0,91.71,0.731,expired,3,high,Hyderabad,False,False
771,egg,Protein,Jul,2024,414,322.9,32.37,1.752,improper_storage,3,medium,Chennai,True,False
772,chickpeas,Legume,Feb,2024,469,769.2,113.24,1.463,forgotten,3,high,Delhi,False,False
773,banana,Fruit,Jun,2024,167,175.3,7.36,0.631,quality_issue,3,high,Delhi,True,False
774,walnut,Nut,Mar,2025,31,202.7,3.71,0.057,quality_issue,1,medium,Chennai,True,False
775,strawberry,Fruit,Feb,2025,29,14.2,11.48,0.09,improper_storage,2,medium,Mumbai,True,False
776,milk,Dairy,Sep,2025,382,569.2,48.5,1.116,power_cut,4,high,Bangalore,False,False
777,pasta,Grain,Jun,2025,108,237.6,6.23,0.378,expired,3,high,Chennai,False,False
778,kiwi,Fruit,Mar,2024,381,232.4,45.82,1.262,power_cut,4,medium,Chennai,True,False
779,beef,Protein,Sep,2025,233,582.5,28.73,0.185,not_preferred,5,low,Kolkata,False,False
780,cheese,Dairy,Sep,2025,474,1905.5,31.05,1.644,power_cut,2,high,Kolkata,True,False
781,grape,Fruit,Aug,2025,351,242.2,67.56,1.25,over_purchased,6,low,Bangalore,False,False
782,mango,Fruit,Dec,2024,380,228.0,123.86,1.607,expired,2,low,Chennai,False,False
783,corn,Vegetable,Mar,2024,91,78.3,3.45,0.306,improper_storage,4,low,Hyderabad,False,True
784,chickpeas,Legume,Nov,2024,440,721.6,17.92,1.905,quality_issue,5,medium,Mumbai,True,True
785,mushroom,Vegetable,Mar,2024,159,35.0,49.34,0.699,quality_issue,2,low,Delhi,True,True
786,peach,Fruit,Feb,2025,380,148.2,71.97,1.261,power_cut,4,low,Hyderabad,True,False
787,onion,Vegetable,Sep,2024,239,95.6,54.15,0.548,improper_storage,2,low,Chennai,False,True
788,blueberry,Fruit,Feb,2024,431,245.7,65.13,0.991,expired,5,high,Chennai,True,True
789,banana,Fruit,Sep,2024,245,257.2,26.61,0.68,not_preferred,1,high,Mumbai,True,True
790,lemon,Fruit,Nov,2025,135,39.2,35.3,0.514,not_preferred,3,low,Kolkata,True,True
791,watermelon,Fruit,Mar,2024,16,4.8,3.1,0.053,over_purchased,6,medium,Pune,True,True
792,beef,Protein,Dec,2025,470,1175.0,114.38,0.289,quality_issue,1,medium,Hyderabad,True,False
793,bread,Grain,Jun,2024,63,166.9,3.83,0.224,not_preferred,6,high,Delhi,True,True
794,peach,Fruit,Feb,2024,371,144.7,128.33,0.215,expired,5,medium,Kolkata,False,True
795,butter,Dairy,Oct,2024,93,666.8,16.39,0.378,forgotten,5,medium,Mumbai,True,False
796,tuna,Protein,Aug,2024,301,397.3,19.58,0.946,forgotten,5,low,Chennai,False,False
797,pineapple,Fruit,Sep,2024,155,77.5,11.66,0.324,power_cut,4,medium,Kolkata,False,False
798,watermelon,Fruit,May,2024,21,6.3,5.03,0.061,not_preferred,3,high,Chennai,True,False
799,bell_pepper,Vegetable,May,2025,448,138.9,51.21,1.012,forgotten,5,high,Pune,True,False
800,pear,Fruit,Nov,2025,391,222.9,44.94,0.472,quality_issue,4,medium,Chennai,True,False
